日期,天气状况(白天/夜间),最高气温/最低气温,风力风向(白天/夜间),城市
2019年01月01日,阴/阴,7℃/4℃,无持续风向1-2级/无持续风向1-2级,chongqing
2019年01月02日,多云/多云,9℃/4℃,无持续风向1-2级/无持续风向1-2级,chongqing
2019年01月03日,阴/阴,9℃/6℃,无持续风向1-2级/无持续风向1-2级,chongqing
2019年01月04日,小雨/阴,8℃/5℃,无持续风向1-2级/无持续风向1-2级,chongqing
2019年01月05日,多云/阴,10℃/6℃,无持续风向1-2级/无持续风向1-2级,chongqing
2019年01月06日,阴/阴,10℃/7℃,无持续风向1-2级/无持续风向1-2级,chongqing
2019年01月07日,阴/阴,9℃/7℃,无持续风向1-2级/无持续风向1-2级,chongqing
2019年01月08日,小雨/小雨,9℃/7℃,无持续风向1-2级/无持续风向1-2级,chongqing
2019年01月09日,小雨/小雨,8℃/6℃,无持续风向1-2级/无持续风向1-2级,chongqing
2019年01月10日,小雨/小雨,8℃/6℃,无持续风向1-2级/无持续风向1-2级,chongqing
2019年01月11日,多云/多云,10℃/5℃,无持续风向1-2级/无持续风向1-2级,chongqing
2019年01月12日,阴/阴,10℃/6℃,无持续风向1-2级/无持续风向1-2级,chongqing
2019年01月13日,阴/阴,10℃/6℃,无持续风向1-2级/无持续风向1-2级,chongqing
2019年01月14日,阴/小雨,9℃/7℃,无持续风向1-2级/无持续风向1-2级,chongqing
2019年01月15日,小雨/小雨,8℃/6℃,无持续风向1-2级/无持续风向1-2级,chongqing
2019年01月16日,多云/多云,12℃/5℃,无持续风向1-2级/无持续风向1-2级,chongqing
2019年01月17日,多云/阴,12℃/7℃,无持续风向1-2级/无持续风向1-2级,chongqing
2019年01月18日,阴/阴,11℃/8℃,无持续风向1-2级/无持续风向1-2级,chongqing
2019年01月19日,阴/小雨,10℃/8℃,无持续风向1-2级/无持续风向1-2级,chongqing
2019年01月20日,小雨/小雨,9℃/8℃,无持续风向1-2级/无持续风向1-2级,chongqing
2019年01月21日,多云/多云,12℃/6℃,无持续风向1-2级/无持续风向1-2级,chongqing
2019年01月22日,多云/多云,13℃/5℃,无持续风向1-2级/无持续风向1-2级,chongqing
2019年01月23日,多云/多云,14℃/7℃,无持续风向1-2级/无持续风向1-2级,chongqing
2019年01月24日,阴/阴,12℃/8℃,无持续风向1-2级/无持续风向1-2级,chongqing
2019年01月25日,阴/小雨,11℃/9℃,无持续风向1-2级/无持续风向1-2级,chongqing
2019年01月26日,阴/阴,11℃/8℃,无持续风向1-2级/无持续风向1-2级,chongqing
2019年01月27日,阴/阴,11℃/8℃,无持续风向1-2级/无持续风向1-2级,chongqing
2019年01月28日,阴/小雨,11℃/8℃,无持续风向1-2级/无持续风向1-2级,chongqing
2019年01月29日,小雨/小雨,10℃/9℃,无持续风向1-2级/无持续风向1-2级,chongqing
2019年01月30日,小雨/阴,10℃/8℃,无持续风向1-2级/无持续风向1-2级,chongqing
2019年01月31日,多云/阴,12℃/8℃,无持续风向1-2级/无持续风向1-2级,chongqing
2019年02月01日,小雨/阴,11℃/7℃,无持续风向1-2级/无持续风向1-2级,chongqing
2019年02月02日,阴/阴,13℃/9℃,无持续风向1-2级/无持续风向1-2级,chongqing
2019年02月03日,阴/阴,12℃/8℃,无持续风向1-2级/无持续风向1-2级,chongqing
2019年02月04日,多云/多云,15℃/9℃,无持续风向1-2级/无持续风向1-2级,chongqing
2019年02月05日,多云/晴,19℃/8℃,无持续风向1-2级/无持续风向1-2级,chongqing
2019年02月06日,晴/多云,18℃/8℃,无持续风向1-2级/无持续风向1-2级,chongqing
2019年02月07日,多云/阴,18℃/10℃,无持续风向1-2级/无持续风向1-2级,chongqing
2019年02月08日,阴/阴,15℃/10℃,无持续风向1-2级/无持续风向1-2级,chongqing
2019年02月09日,小雨/小雨,10℃/8℃,无持续风向1-2级/无持续风向1-2级,chongqing
2019年02月10日,小雨/阴,8℃/5℃,无持续风向1-2级/无持续风向1-2级,chongqing
2019年02月11日,阴/多云,11℃/7℃,无持续风向1-2级/无持续风向1-2级,chongqing
2019年02月12日,阴/多云,13℃/8℃,无持续风向1-2级/无持续风向1-2级,chongqing
2019年02月13日,多云/阴,13℃/8℃,无持续风向1-2级/无持续风向1-2级,chongqing
2019年02月14日,阴/阴,12℃/9℃,无持续风向1-2级/无持续风向1-2级,chongqing
2019年02月15日,阴/小雨,14℃/9℃,无持续风向1-2级/无持续风向1-2级,chongqing
2019年02月16日,阴/小雨,13℃/10℃,无持续风向1-2级/无持续风向1-2级,chongqing
2019年02月17日,阴/小雨,12℃/8℃,无持续风向1-2级/无持续风向1-2级,chongqing
2019年02月18日,阴/阴,11℃/7℃,无持续风向1-2级/无持续风向1-2级,chongqing
2019年02月19日,阴/阴,13℃/8℃,无持续风向1-2级/无持续风向1-2级,chongqing
2019年02月20日,阴/小雨,14℃/10℃,无持续风向1-2级/无持续风向1-2级,chongqing
2019年02月21日,多云/多云,15℃/8℃,无持续风向1-2级/无持续风向1-2级,chongqing
2019年02月22日,多云/阴,15℃/8℃,无持续风向1-2级/无持续风向1-2级,chongqing
2019年02月23日,小雨/阴,11℃/9℃,无持续风向1-2级/无持续风向1-2级,chongqing
2019年02月24日,阴/阴,13℃/8℃,无持续风向1-2级/无持续风向1-2级,chongqing
2019年02月25日,多云/小雨,15℃/9℃,无持续风向1-2级/无持续风向1-2级,chongqing
2019年02月26日,阴/小雨,15℃/11℃,无持续风向1-2级/无持续风向1-2级,chongqing
2019年02月27日,阴/阴,14℃/12℃,无持续风向1-2级/无持续风向1-2级,chongqing
2019年02月28日,阴/阴,14℃/10℃,无持续风向1-2级/无持续风向1-2级,chongqing
2019年03月01日,小雨/小雨,13℃/10℃,无持续风向1-2级/无持续风向1-2级,chongqing
2019年03月02日,小雨/多云,15℃/9℃,无持续风向1-2级/无持续风向1-2级,chongqing
2019年03月03日,晴/多云,20℃/8℃,无持续风向1-2级/无持续风向1-2级,chongqing
2019年03月04日,小雨/小雨,18℃/6℃,西风1-2级/西风1-2级,chongqing
2019年03月05日,多云/阴,13℃/10℃,无持续风向1-2级/无持续风向1-2级,chongqing
2019年03月06日,小雨/小雨,14℃/11℃,无持续风向1-2级/无持续风向1-2级,chongqing
2019年03月07日,小雨/小雨,14℃/9℃,无持续风向1-2级/无持续风向1-2级,chongqing
2019年03月08日,阴/小雨,12℃/8℃,无持续风向1-2级/无持续风向1-2级,chongqing
2019年03月09日,阴/多云,15℃/9℃,无持续风向1-2级/无持续风向1-2级,chongqing
2019年03月10日,多云/多云,18℃/8℃,无持续风向1-2级/无持续风向1-2级,chongqing
2019年03月11日,多云/多云,19℃/12℃,无持续风向1-2级/无持续风向1-2级,chongqing
2019年03月12日,阴/小雨,17℃/13℃,无持续风向1-2级/无持续风向1-2级,chongqing
2019年03月13日,阴/阴,17℃/12℃,无持续风向1-2级/无持续风向1-2级,chongqing
2019年03月14日,阴/阴,17℃/11℃,无持续风向1-2级/无持续风向1-2级,chongqing
2019年03月15日,小雨/阴,14℃/11℃,无持续风向1-2级/无持续风向1-2级,chongqing
2019年03月16日,阴/小雨,16℃/11℃,无持续风向1-2级/无持续风向1-2级,chongqing
2019年03月17日,阴/多云,18℃/10℃,无持续风向1-2级/无持续风向1-2级,chongqing
2019年03月18日,多云/多云,21℃/10℃,无持续风向1-2级/无持续风向1-2级,chongqing
2019年03月19日,阴/阴,19℃/15℃,无持续风向1-2级/无持续风向1-2级,chongqing
2019年03月20日,多云/小雨,25℃/15℃,无持续风向1-2级/无持续风向1-2级,chongqing
2019年03月21日,阴/小雨,23℃/14℃,无持续风向1-2级/无持续风向1-2级,chongqing
2019年03月22日,小雨/小雨,13℃/11℃,无持续风向1-2级/无持续风向1-2级,chongqing
2019年03月23日,小雨/小雨,12℃/10℃,无持续风向1-2级/无持续风向1-2级,chongqing
2019年03月24日,阴/多云,15℃/9℃,无持续风向1-2级/无持续风向1-2级,chongqing
2019年03月25日,多云/阴,20℃/8℃,无持续风向1-2级/无持续风向1-2级,chongqing
2019年03月26日,阴/小雨,20℃/14℃,无持续风向1-2级/无持续风向1-2级,chongqing
2019年03月27日,阴/阴,20℃/16℃,无持续风向1-2级/无持续风向1-2级,chongqing
2019年03月28日,多云/多云,25℃/14℃,无持续风向1-2级/无持续风向1-2级,chongqing
2019年03月29日,晴/多云,28℃/14℃,无持续风向1-2级/无持续风向1-2级,chongqing
2019年03月30日,小雨/小雨,19℃/15℃,无持续风向1-2级/无持续风向1-2级,chongqing
2019年03月31日,阴/阴,17℃/14℃,无持续风向1-2级/无持续风向1-2级,chongqing
2019年04月01日,小雨/小雨,18℃/13℃,无持续风向1-2级/无持续风向1-2级,chongqing
2019年04月02日,小雨/小雨,19℃/15℃,无持续风向1-2级/无持续风向1-2级,chongqing
2019年04月03日,小雨/小雨,20℃/13℃,无持续风向1-2级/无持续风向1-2级,chongqing
2019年04月04日,小雨/阴,19℃/13℃,无持续风向1-2级/无持续风向1-2级,chongqing
2019年04月05日,多云/多云,24℃/13℃,无持续风向1-2级/无持续风向1-2级,chongqing
2019年04月06日,晴/晴,30℃/14℃,无持续风向1-2级/无持续风向1-2级,chongqing
2019年04月07日,晴/多云,32℃/15℃,无持续风向1-2级/无持续风向1-2级,chongqing
2019年04月08日,多云/小雨,32℃/18℃,无持续风向1-2级/无持续风向1-2级,chongqing
2019年04月09日,阴/小雨,29℃/20℃,无持续风向1-2级/无持续风向1-2级,chongqing
2019年04月10日,小雨/阴,22℃/17℃,无持续风向1-2级/无持续风向1-2级,chongqing
2019年04月11日,多云/多云,26℃/18℃,无持续风向1-2级/无持续风向1-2级,chongqing
2019年04月12日,多云/多云,29℃/17℃,无持续风向1-2级/无持续风向1-2级,chongqing
2019年04月13日,多云/小雨,27℃/18℃,无持续风向1-2级/无持续风向1-2级,chongqing
2019年04月14日,小雨/小雨,20℃/15℃,无持续风向1-2级/无持续风向1-2级,chongqing
2019年04月15日,小雨/多云,21℃/15℃,无持续风向1-2级/无持续风向1-2级,chongqing
2019年04月16日,阴/多云,25℃/15℃,无持续风向1-2级/无持续风向1-2级,chongqing
2019年04月17日,多云/小雨,29℃/17℃,无持续风向1-2级/无持续风向1-2级,chongqing
2019年04月18日,多云/多云,27℃/20℃,无持续风向1-2级/无持续风向1-2级,chongqing
2019年04月19日,小雨/中雨,27℃/20℃,无持续风向1-2级/无持续风向1-2级,chongqing
2019年04月20日,中雨/阴,22℃/19℃,无持续风向1-2级/无持续风向1-2级,chongqing
2019年04月21日,阴/阴,27℃/18℃,无持续风向1-2级/无持续风向1-2级,chongqing
2019年04月22日,多云/多云,28℃/19℃,无持续风向1-2级/无持续风向1-2级,chongqing
2019年04月23日,多云/晴,30℃/20℃,无持续风向1-2级/无持续风向1-2级,chongqing
2019年04月24日,晴/晴,33℃/21℃,无持续风向1-2级/无持续风向1-2级,chongqing
2019年04月25日,晴/晴,33℃/23℃,无持续风向1-2级/无持续风向1-2级,chongqing
2019年04月26日,多云/多云,35℃/24℃,无持续风向1-2级/无持续风向1-2级,chongqing
2019年04月27日,多云/中雨,36℃/24℃,无持续风向1-2级/无持续风向1-2级,chongqing
2019年04月28日,中雨/小雨,24℃/19℃,无持续风向1-2级/无持续风向1-2级,chongqing
2019年04月29日,小雨/阴,23℃/18℃,无持续风向1-2级/无持续风向1-2级,chongqing
2019年04月30日,小雨/多云,25℃/18℃,无持续风向1-2级/无持续风向1-2级,chongqing
2019年05月01日,多云/小雨,29℃/19℃,无持续风向1-2级/无持续风向1-2级,chongqing
2019年05月02日,小雨/小雨,23℃/18℃,无持续风向1-2级/无持续风向1-2级,chongqing
2019年05月03日,小雨/小雨,24℃/17℃,无持续风向1-2级/无持续风向1-2级,chongqing
2019年05月04日,阴/小雨,24℃/18℃,无持续风向1-2级/无持续风向1-2级,chongqing
2019年05月05日,小雨/中雨,22℃/18℃,无持续风向1-2级/无持续风向1-2级,chongqing
2019年05月06日,小雨/小雨,21℃/17℃,无持续风向1-2级/无持续风向1-2级,chongqing
2019年05月07日,小雨/小雨,18℃/15℃,无持续风向1-2级/无持续风向1-2级,chongqing
2019年05月08日,阴/小雨,20℃/14℃,无持续风向1-2级/无持续风向1-2级,chongqing
2019年05月09日,阵雨/多云,25℃/16℃,无持续风向1-2级/无持续风向1-2级,chongqing
2019年05月10日,多云/阴,28℃/17℃,无持续风向1-2级/无持续风向1-2级,chongqing
2019年05月11日,多云/大雨,28℃/19℃,无持续风向1-2级/无持续风向1-2级,chongqing
2019年05月12日,小雨/小雨,23℃/19℃,无持续风向1-2级/无持续风向1-2级,chongqing
2019年05月13日,阴/中雨,25℃/19℃,无持续风向1-2级/无持续风向1-2级,chongqing
2019年05月14日,阴/小雨,24℃/18℃,无持续风向1-2级/无持续风向1-2级,chongqing
2019年05月15日,阵雨/阴,26℃/19℃,无持续风向1-2级/无持续风向1-2级,chongqing
2019年05月16日,多云/多云,27℃/20℃,无持续风向1-2级/无持续风向1-2级,chongqing
2019年05月17日,多云/小雨,31℃/21℃,无持续风向1-2级/无持续风向1-2级,chongqing
2019年05月18日,中雨/中雨,27℃/21℃,无持续风向1-2级/无持续风向1-2级,chongqing
2019年05月19日,小雨/中雨,25℃/17℃,无持续风向1-2级/无持续风向1-2级,chongqing
2019年05月20日,小雨/小雨,20℃/16℃,无持续风向1-2级/无持续风向1-2级,chongqing
2019年05月21日,阴/多云,23℃/18℃,无持续风向1-2级/无持续风向1-2级,chongqing
2019年05月22日,多云/多云,27℃/16℃,无持续风向1-2级/无持续风向1-2级,chongqing
2019年05月23日,多云/多云,30℃/20℃,无持续风向1-2级/无持续风向1-2级,chongqing
2019年05月24日,小雨/中雨,26℃/20℃,无持续风向1-2级/无持续风向1-2级,chongqing
2019年05月25日,小雨/阴,27℃/21℃,无持续风向1-2级/无持续风向1-2级,chongqing
2019年05月26日,多云/多云,30℃/22℃,无持续风向1-2级/无持续风向1-2级,chongqing
2019年05月27日,中雨/阴,26℃/18℃,无持续风向1-2级/无持续风向1-2级,chongqing
2019年05月28日,阴/阴,22℃/17℃,无持续风向1-2级/无持续风向1-2级,chongqing
2019年05月29日,小雨/小雨,22℃/16℃,无持续风向1-2级/无持续风向1-2级,chongqing
2019年05月30日,小雨/多云,23℃/18℃,无持续风向1-2级/无持续风向1-2级,chongqing
2019年05月31日,多云/多云,30℃/18℃,无持续风向1-2级/无持续风向1-2级,chongqing
2019年06月01日,阴/多云,30℃/21℃,无持续风向1-2级/无持续风向1-2级,chongqing
2019年06月02日,晴/多云,32℃/19℃,无持续风向1-2级/无持续风向1-2级,chongqing
2019年06月03日,晴/晴,35℃/22℃,无持续风向1-2级/无持续风向1-2级,chongqing
2019年06月04日,晴/中雨,37℃/23℃,无持续风向1-2级/无持续风向1-2级,chongqing
2019年06月05日,阴/多云,27℃/22℃,无持续风向1-2级/无持续风向1-2级,chongqing
2019年06月06日,多云/晴,33℃/23℃,无持续风向1-2级/无持续风向1-2级,chongqing
2019年06月07日,多云/中雨,32℃/23℃,无持续风向1-2级/无持续风向1-2级,chongqing
2019年06月08日,小雨/多云,28℃/22℃,无持续风向1-2级/无持续风向1-2级,chongqing
2019年06月09日,小雨/小雨,29℃/23℃,无持续风向1-2级/无持续风向1-2级,chongqing
2019年06月10日,阴/小雨,28℃/23℃,无持续风向1-2级/无持续风向1-2级,chongqing
2019年06月11日,小雨/中雨,27℃/22℃,无持续风向1-2级/无持续风向1-2级,chongqing
2019年06月12日,小雨/多云,28℃/21℃,无持续风向1-2级/无持续风向1-2级,chongqing
2019年06月13日,多云/多云,31℃/23℃,无持续风向1-2级/无持续风向1-2级,chongqing
2019年06月14日,多云/小雨,33℃/23℃,无持续风向1-2级/无持续风向1-2级,chongqing
2019年06月15日,中雨/中雨,27℃/22℃,无持续风向1-2级/无持续风向1-2级,chongqing
2019年06月16日,小雨/小雨,23℃/19℃,无持续风向1-2级/无持续风向1-2级,chongqing
2019年06月17日,小雨/小雨,25℃/21℃,无持续风向1-2级/无持续风向1-2级,chongqing
2019年06月18日,小雨/小雨,26℃/22℃,无持续风向1-2级/无持续风向1-2级,chongqing
2019年06月19日,阴/小雨,30℃/25℃,无持续风向1-2级/无持续风向1-2级,chongqing
2019年06月20日,阴/中雨,30℃/25℃,无持续风向1-2级/无持续风向1-2级,chongqing
2019年06月21日,小雨/中雨,29℃/24℃,无持续风向1-2级/无持续风向1-2级,chongqing
2019年06月22日,大雨/中雨,27℃/24℃,无持续风向1-2级/无持续风向1-2级,chongqing
2019年06月23日,阴/阴,28℃/22℃,无持续风向1-2级/无持续风向1-2级,chongqing
2019年06月24日,阴/多云,29℃/23℃,无持续风向1-2级/无持续风向1-2级,chongqing
2019年06月25日,小雨/小雨,27℃/23℃,无持续风向1-2级/无持续风向1-2级,chongqing
2019年06月26日,阴/阴,28℃/22℃,无持续风向1-2级/无持续风向1-2级,chongqing
2019年06月27日,小雨/大雨,29℃/23℃,无持续风向1-2级/无持续风向1-2级,chongqing
2019年06月28日,中雨/小雨,24℃/21℃,无持续风向1-2级/无持续风向1-2级,chongqing
2019年06月29日,阴/阴,28℃/22℃,无持续风向1-2级/无持续风向1-2级,chongqing
2019年06月30日,多云/多云,29℃/23℃,无持续风向1-2级/无持续风向1-2级,chongqing
2019年07月01日,多云/多云,32℃/23℃,无持续风向1-2级/无持续风向1-2级,chongqing
2019年07月02日,多云/多云,35℃/25℃,无持续风向1-2级/无持续风向1-2级,chongqing
2019年07月03日,多云/小雨,33℃/25℃,无持续风向1-2级/无持续风向1-2级,chongqing
2019年07月04日,小雨/小雨,26℃/22℃,无持续风向1-2级/无持续风向1-2级,chongqing
2019年07月05日,多云/多云,30℃/23℃,无持续风向1-2级/无持续风向1-2级,chongqing
2019年07月06日,多云/多云,32℃/23℃,无持续风向1-2级/无持续风向1-2级,chongqing
2019年07月07日,小雨/小雨,28℃/24℃,无持续风向1-2级/无持续风向1-2级,chongqing
2019年07月08日,中雨/阴,25℃/22℃,无持续风向1-2级/无持续风向1-2级,chongqing
2019年07月09日,阴/多云,29℃/22℃,无持续风向1-2级/无持续风向1-2级,chongqing
2019年07月10日,多云/阴,33℃/22℃,无持续风向1-2级/无持续风向1-2级,chongqing
2019年07月11日,小雨/大雨,30℃/22℃,无持续风向1-2级/无持续风向1-2级,chongqing
2019年07月12日,小雨/阴,27℃/22℃,无持续风向1-2级/无持续风向1-2级,chongqing
2019年07月13日,阴/多云,31℃/23℃,无持续风向1-2级/无持续风向1-2级,chongqing
2019年07月14日,多云/阴,32℃/24℃,无持续风向1-2级/无持续风向1-2级,chongqing
2019年07月15日,多云/小雨,30℃/24℃,无持续风向1-2级/无持续风向1-2级,chongqing
2019年07月16日,小雨/大雨,31℃/24℃,无持续风向1-2级/无持续风向1-2级,chongqing
2019年07月17日,小雨/中雨,30℃/25℃,无持续风向1-2级/无持续风向1-2级,chongqing
2019年07月18日,小雨/中雨,30℃/25℃,无持续风向1-2级/无持续风向1-2级,chongqing
2019年07月19日,小雨/中雨,30℃/25℃,无持续风向1-2级/无持续风向1-2级,chongqing
2019年07月20日,多云/雷阵雨,32℃/26℃,无持续风向1-2级/无持续风向1-2级,chongqing
2019年07月21日,多云/多云,34℃/27℃,无持续风向1-2级/无持续风向1-2级,chongqing
2019年07月22日,中雨/中雨,33℃/26℃,无持续风向1-2级/无持续风向1-2级,chongqing
2019年07月23日,小雨/小雨,31℃/25℃,无持续风向1-2级/无持续风向1-2级,chongqing
2019年07月24日,小雨/小雨,32℃/26℃,无持续风向1-2级/无持续风向1-2级,chongqing
2019年07月25日,多云/多云,32℃/25℃,无持续风向1-2级/无持续风向1-2级,chongqing
2019年07月26日,多云/多云,37℃/27℃,无持续风向1-2级/无持续风向1-2级,chongqing
2019年07月27日,晴/晴,38℃/29℃,无持续风向1-2级/无持续风向1-2级,chongqing
2019年07月28日,晴/多云,39℃/29℃,无持续风向1-2级/无持续风向1-2级,chongqing
2019年07月29日,多云/小雨,38℃/28℃,无持续风向1-2级/无持续风向1-2级,chongqing
2019年07月30日,小雨/中雨,32℃/25℃,无持续风向1-2级/无持续风向1-2级,chongqing
2019年07月31日,小雨/小雨,31℃/25℃,无持续风向1-2级/无持续风向1-2级,chongqing
2019年08月01日,多云/多云,32℃/25℃,无持续风向1-2级/无持续风向1-2级,chongqing
2019年08月02日,多云/多云,37℃/27℃,无持续风向1-2级/无持续风向1-2级,chongqing
2019年08月03日,多云/小雨,35℃/27℃,无持续风向1-2级/无持续风向1-2级,chongqing
2019年08月04日,小雨/多云,34℃/24℃,无持续风向1-2级/无持续风向1-2级,chongqing
2019年08月05日,多云/多云,35℃/26℃,无持续风向1-2级/无持续风向1-2级,chongqing
2019年08月06日,小雨/大雨,31℃/25℃,无持续风向1-2级/无持续风向1-2级,chongqing
2019年08月07日,小雨/小雨,31℃/24℃,无持续风向1-2级/无持续风向1-2级,chongqing
2019年08月08日,多云/小雨,32℃/25℃,无持续风向1-2级/无持续风向1-2级,chongqing
2019年08月09日,小雨/多云,32℃/26℃,无持续风向1-2级/无持续风向1-2级,chongqing
2019年08月10日,多云/晴,35℃/26℃,无持续风向1-2级/无持续风向1-2级,chongqing
2019年08月11日,晴/晴,38℃/27℃,无持续风向1-2级/无持续风向1-2级,chongqing
2019年08月12日,晴/晴,38℃/27℃,无持续风向1-2级/无持续风向1-2级,chongqing
2019年08月13日,晴/多云,38℃/27℃,无持续风向1-2级/无持续风向1-2级,chongqing
2019年08月14日,多云/多云,37℃/26℃,无持续风向1-2级/无持续风向1-2级,chongqing
2019年08月15日,晴/晴,37℃/26℃,无持续风向1-2级/无持续风向1-2级,chongqing
2019年08月16日,晴/晴,38℃/26℃,无持续风向1-2级/无持续风向1-2级,chongqing
2019年08月17日,晴/晴,38℃/26℃,无持续风向1-2级/无持续风向1-2级,chongqing
2019年08月18日,晴/晴,39℃/28℃,无持续风向1-2级/无持续风向1-2级,chongqing
2019年08月19日,晴/多云,39℃/30℃,无持续风向1-2级/无持续风向1-2级,chongqing
2019年08月20日,晴/多云,39℃/29℃,无持续风向1-2级/无持续风向1-2级,chongqing
2019年08月21日,晴/多云,38℃/29℃,无持续风向1-2级/无持续风向1-2级,chongqing
2019年08月22日,多云/晴,38℃/29℃,无持续风向1-2级/无持续风向1-2级,chongqing
2019年08月23日,晴/晴,38℃/28℃,无持续风向1-2级/无持续风向1-2级,chongqing
2019年08月24日,晴/晴,38℃/29℃,无持续风向1-2级/无持续风向1-2级,chongqing
2019年08月25日,晴/多云,38℃/30℃,无持续风向1-2级/无持续风向1-2级,chongqing
2019年08月26日,晴/多云,39℃/30℃,无持续风向1-2级/无持续风向1-2级,chongqing
2019年08月27日,多云/小雨,37℃/26℃,无持续风向1-2级/无持续风向1-2级,chongqing
2019年08月28日,小雨/雷阵雨,30℃/26℃,无持续风向1-2级/无持续风向1-2级,chongqing
2019年08月29日,小雨/小雨,30℃/25℃,无持续风向1-2级/无持续风向1-2级,chongqing
2019年08月30日,多云/阴,30℃/22℃,无持续风向1-2级/无持续风向1-2级,chongqing
2019年08月31日,小雨/小雨,27℃/22℃,无持续风向1-2级/无持续风向1-2级,chongqing
2019年09月01日,阴/多云,27℃/22℃,无持续风向1-2级/无持续风向1-2级,chongqing
2019年09月02日,阴/阴,29℃/22℃,无持续风向1-2级/无持续风向1-2级,chongqing
2019年09月03日,多云/多云,33℃/24℃,无持续风向1-2级/无持续风向1-2级,chongqing
2019年09月04日,晴/多云,34℃/25℃,无持续风向1-2级/无持续风向1-2级,chongqing
2019年09月05日,小雨/多云,30℃/23℃,无持续风向1-2级/无持续风向1-2级,chongqing
2019年09月06日,多云/多云,33℃/24℃,无持续风向1-2级/无持续风向1-2级,chongqing
2019年09月07日,小雨/小雨,32℃/25℃,无持续风向1-2级/无持续风向1-2级,chongqing
2019年09月08日,小雨/中雨,28℃/25℃,无持续风向1-2级/无持续风向1-2级,chongqing
2019年09月09日,小雨/小雨,28℃/24℃,无持续风向1-2级/无持续风向1-2级,chongqing
2019年09月10日,阴/阴,32℃/26℃,无持续风向1-2级/无持续风向1-2级,chongqing
2019年09月11日,多云/多云,35℃/26℃,无持续风向1-2级/无持续风向1-2级,chongqing
2019年09月12日,晴/多云,36℃/27℃,无持续风向1-2级/无持续风向1-2级,chongqing
2019年09月13日,多云/小雨,35℃/24℃,无持续风向1-2级/无持续风向1-2级,chongqing
2019年09月14日,小雨/小雨,31℃/22℃,无持续风向1-2级/无持续风向1-2级,chongqing
2019年09月15日,阴/阴,24℃/20℃,无持续风向1-2级/无持续风向1-2级,chongqing
2019年09月16日,阴/阴,24℃/20℃,无持续风向1-2级/无持续风向1-2级,chongqing
2019年09月17日,小雨/小雨,24℃/20℃,无持续风向1-2级/无持续风向1-2级,chongqing
2019年09月18日,小雨/阴,25℃/21℃,无持续风向1-2级/无持续风向1-2级,chongqing
2019年09月19日,阴/中雨,26℃/18℃,无持续风向1-2级/无持续风向1-2级,chongqing
2019年09月20日,小雨/多云,22℃/18℃,无持续风向1-2级/无持续风向1-2级,chongqing
2019年09月21日,多云/多云,27℃/17℃,无持续风向1-2级/无持续风向1-2级,chongqing
2019年09月22日,多云/多云,28℃/19℃,无持续风向1-2级/无持续风向1-2级,chongqing
2019年09月23日,多云/多云,30℃/19℃,无持续风向1-2级/无持续风向1-2级,chongqing
2019年09月24日,阴/小雨,27℃/20℃,无持续风向1-2级/无持续风向1-2级,chongqing
2019年09月25日,阴/多云,23℃/17℃,无持续风向1-2级/无持续风向1-2级,chongqing
2019年09月26日,多云/多云,27℃/19℃,无持续风向1-2级/无持续风向1-2级,chongqing
2019年09月27日,晴/晴,29℃/19℃,无持续风向1-2级/无持续风向1-2级,chongqing
2019年09月28日,晴/晴,30℃/20℃,无持续风向1-2级/无持续风向1-2级,chongqing
2019年09月29日,晴/多云,32℃/21℃,无持续风向1-2级/无持续风向1-2级,chongqing
2019年09月30日,多云/阴,31℃/22℃,无持续风向1-2级/无持续风向1-2级,chongqing
2019年10月01日,阴/小雨,29℃/23℃,无持续风向1-2级/无持续风向1-2级,chongqing
2019年10月02日,阴/小雨,28℃/22℃,无持续风向1-2级/无持续风向1-2级,chongqing
2019年10月03日,阴/小雨,29℃/23℃,无持续风向1-2级/无持续风向1-2级,chongqing
2019年10月04日,小雨/中雨,25℃/21℃,无持续风向1-2级/无持续风向1-2级,chongqing
2019年10月05日,小雨/小雨,24℃/20℃,无持续风向1-2级/无持续风向1-2级,chongqing
2019年10月06日,多云/阴,29℃/20℃,无持续风向1-2级/无持续风向1-2级,chongqing
2019年10月07日,小雨/小雨,23℃/20℃,无持续风向1-2级/无持续风向1-2级,chongqing
2019年10月08日,阴/阴,23℃/18℃,无持续风向1-2级/无持续风向1-2级,chongqing
2019年10月09日,阴/小雨,25℃/19℃,无持续风向1-2级/无持续风向1-2级,chongqing
2019年10月10日,阴/小雨,23℃/18℃,无持续风向1-2级/无持续风向1-2级,chongqing
2019年10月11日,阴/阴,21℃/18℃,无持续风向1-2级/无持续风向1-2级,chongqing
2019年10月12日,阴/阴,23℃/18℃,无持续风向1-2级/无持续风向1-2级,chongqing
2019年10月13日,阴/小雨,24℃/18℃,无持续风向1-2级/无持续风向1-2级,chongqing
2019年10月14日,小雨/小雨,21℃/17℃,无持续风向1-2级/无持续风向1-2级,chongqing
2019年10月15日,小雨/中雨,21℃/17℃,无持续风向1-2级/无持续风向1-2级,chongqing
2019年10月16日,小雨/小雨,20℃/16℃,无持续风向1-2级/无持续风向1-2级,chongqing
2019年10月17日,小雨/多云,22℃/14℃,无持续风向1-2级/无持续风向1-2级,chongqing
2019年10月18日,晴/晴,24℃/14℃,无持续风向1-2级/无持续风向1-2级,chongqing
2019年10月19日,多云/阴,25℃/15℃,无持续风向1-2级/无持续风向1-2级,chongqing
2019年10月20日,小雨/小雨,21℃/18℃,无持续风向1-2级/无持续风向1-2级,chongqing
2019年10月21日,中雨/中雨,19℃/17℃,无持续风向1-2级/无持续风向1-2级,chongqing
2019年10月22日,小雨/小雨,18℃/16℃,无持续风向1-2级/无持续风向1-2级,chongqing
2019年10月23日,小雨/小雨,22℃/16℃,东风1-2级/东风1-2级,chongqing
2019年10月24日,小雨/中雨,19℃/15℃,南风1-2级/南风1-2级,chongqing
2019年10月25日,小雨/小雨,15℃/13℃,东北风1-2级/东北风1-2级,chongqing
2019年10月26日,小雨/小雨,14℃/13℃,西北风1-2级/西北风1-2级,chongqing
2019年10月27日,小雨/小雨,16℃/13℃,北风1-2级/北风1-2级,chongqing
2019年10月28日,多云/晴,22℃/12℃,西北风1-2级/西北风1-2级,chongqing
2019年10月29日,多云/多云,23℃/13℃,南风1-2级/南风1-2级,chongqing
2019年10月30日,多云/多云,22℃/16℃,西风1-2级/西风1-2级,chongqing
2019年10月31日,阴/小雨,23℃/16℃,南风1-2级/南风1-2级,chongqing
2019年11月01日,阴/小雨,20℃/15℃,南风1-2级/南风1-2级,chongqing
2019年11月02日,小雨/多云,19℃/13℃,北风1-2级/北风1-2级,chongqing
2019年11月03日,多云/多云,22℃/15℃,东南风1-2级/东南风1-2级,chongqing
2019年11月04日,阴/阴,21℃/15℃,西南风1-2级/西南风1-2级,chongqing
2019年11月05日,小雨/小雨,18℃/14℃,南风1-2级/南风1-2级,chongqing
2019年11月06日,小雨/多云,17℃/14℃,东南风1-2级/东南风1-2级,chongqing
2019年11月07日,多云/多云,19℃/12℃,西南风1-2级/西南风1-2级,chongqing
2019年11月08日,阴/阴,19℃/14℃,西南风1-2级/西南风1-2级,chongqing
2019年11月09日,阴/小雨,18℃/16℃,西南风1-2级/西南风1-2级,chongqing
2019年11月10日,阴/阴,18℃/15℃,西北风1-2级/西北风1-2级,chongqing
2019年11月11日,阴/小雨,19℃/16℃,南风1-2级/南风1-2级,chongqing
2019年11月12日,小雨/小雨,16℃/13℃,西北风1-2级/西北风1-2级,chongqing
2019年11月13日,小雨/多云,16℃/13℃,东风1-2级/东风1-2级,chongqing
2019年11月14日,多云/多云,20℃/11℃,西南风1-2级/西南风1-2级,chongqing
2019年11月15日,多云/阴,20℃/13℃,东风1-2级/东风1-2级,chongqing
2019年11月16日,阴/小雨,18℃/15℃,东北风1-2级/东北风1-2级,chongqing
2019年11月17日,小雨/小雨,14℃/9℃,西北风1-2级/西北风1-2级,chongqing
2019年11月18日,小雨/阴,11℃/8℃,东风1-2级/东风1-2级,chongqing
2019年11月19日,阴/阴,13℃/10℃,东风1-2级/东风1-2级,chongqing
2019年11月20日,阴/晴,14℃/9℃,西南风1-2级/西南风1-2级,chongqing
2019年11月21日,多云/多云,16℃/11℃,西南风1-2级/西南风1-2级,chongqing
2019年11月22日,阴/阴,16℃/13℃,北风1-2级/北风1-2级,chongqing
2019年11月23日,阴/小雨,16℃/12℃,东北风1-2级/东北风1-2级,chongqing
2019年11月24日,小雨/小雨,12℃/8℃,东风1-2级/东风1-2级,chongqing
2019年11月25日,阴/阴,11℃/8℃,西北风1-2级/西北风1-2级,chongqing
2019年11月26日,阴/阴,12℃/9℃,西南风1-2级/西南风1-2级,chongqing
2019年11月27日,阴/阴,12℃/10℃,北风1-2级/北风1-2级,chongqing
2019年11月28日,阴/阴,12℃/10℃,西南风1-2级/西南风1-2级,chongqing
2019年11月29日,阴/小雨,11℃/10℃,南风1-2级/南风1-2级,chongqing
2019年11月30日,小雨/小雨,10℃/9℃,东北风1-2级/东北风1-2级,chongqing
2019年12月01日,阴/多云,11℃/8℃,东北风1-2级/东北风1-2级,chongqing
2019年12月02日,多云/阴,12℃/7℃,北风1-2级/北风1-2级,chongqing
2019年12月03日,阴/小雨,12℃/9℃,东风1-2级/东风1-2级,chongqing
2019年12月04日,小雨/小雨,12℃/9℃,东南风1-2级/东南风1-2级,chongqing
2019年12月05日,多云/晴,13℃/8℃,北风1-2级/北风1-2级,chongqing
2019年12月06日,多云/多云,15℃/7℃,西风1-2级/西风1-2级,chongqing
2019年12月07日,晴/多云,15℃/7℃,西南风1-2级/西南风1-2级,chongqing
2019年12月08日,多云/多云,14℃/9℃,西北风1-2级/西北风1-2级,chongqing
2019年12月09日,多云/多云,15℃/8℃,西风1-2级/西风1-2级,chongqing
2019年12月10日,多云/多云,16℃/8℃,东北风1-2级/东北风1-2级,chongqing
2019年12月11日,阴/阴,12℃/9℃,东风1-2级/东风1-2级,chongqing
2019年12月12日,阴/阴,13℃/10℃,西北风1-2级/西北风1-2级,chongqing
2019年12月13日,阴/阴,15℃/10℃,西北风1-2级/西北风1-2级,chongqing
2019年12月14日,阴/小雨,14℃/11℃,北风1-2级/北风1-2级,chongqing
2019年12月15日,阴/小雨,14℃/11℃,东风1-2级/东风1-2级,chongqing
2019年12月16日,阴/阴,14℃/11℃,西北风1-2级/西北风1-2级,chongqing
2019年12月17日,阴/小雨,12℃/9℃,北风1-2级/北风1-2级,chongqing
2019年12月18日,小雨/小雨,9℃/7℃,东北风1-2级/东北风1-2级,chongqing
2019年12月19日,阴/小雨,9℃/8℃,北风1-2级/北风1-2级,chongqing
2019年12月20日,小雨/小雨,10℃/8℃,南风1-2级/南风1-2级,chongqing
2019年12月21日,小雨/阴,11℃/8℃,北风1-2级/北风1-2级,chongqing
2019年12月22日,阴/阴,12℃/9℃,西南风1-2级/西南风1-2级,chongqing
2019年12月23日,阴/阴,13℃/9℃,东北风1-2级/东北风1-2级,chongqing
2019年12月24日,阴/阴,13℃/10℃,西南风1-2级/西南风1-2级,chongqing
2019年12月25日,阴/小雨,12℃/9℃,东风1-2级/东风1-2级,chongqing
2019年12月26日,阴/阴,10℃/7℃,东风1-2级/东风1-2级,chongqing
2019年12月27日,阴/小雨,8℃/6℃,西北风1-2级/西北风1-2级,chongqing
2019年12月28日,小雨/阴,9℃/6℃,北风1-2级/北风1-2级,chongqing
2019年12月29日,阴/阴,12℃/8℃,东南风1-2级/东南风1-2级,chongqing
2019年12月30日,阴/小雨,12℃/10℃,北风1-2级/北风1-2级,chongqing
2019年12月31日,阴/阴,12℃/9℃,西南风1-2级/西南风1-2级,chongqing
2020年01月01日,阴/多云,12℃/10℃,西南风1-2级/西南风1-2级,chongqing
2020年01月02日,阴/阴,13℃/10℃,北风1-2级/北风1-2级,chongqing
2020年01月03日,阴/小雨,13℃/10℃,西北风1-2级/西北风1-2级,chongqing
2020年01月04日,小雨/小雨,12℃/10℃,西北风1-2级/西北风1-2级,chongqing
2020年01月05日,小雨/小雨,12℃/9℃,北风1-2级/北风1-2级,chongqing
2020年01月06日,小雨/阴,10℃/7℃,北风1-2级/北风1-2级,chongqing
2020年01月07日,多云/阴,13℃/7℃,西北风1-2级/西北风1-2级,chongqing
2020年01月08日,小雨/小雨,11℃/9℃,西风1-2级/西风1-2级,chongqing
2020年01月09日,小雨/小雨,12℃/8℃,北风1-2级/北风1-2级,chongqing
2020年01月10日,阴/小雨,11℃/9℃,东南风1-2级/东南风1-2级,chongqing
2020年01月11日,阴/多云,13℃/6℃,北风1-2级/北风1-2级,chongqing
2020年01月12日,晴/多云,14℃/5℃,西南风1-2级/西南风1-2级,chongqing
2020年01月13日,阴/阴,12℃/9℃,东南风1-2级/东南风1-2级,chongqing
2020年01月14日,阴/小雨,12℃/9℃,西南风1-2级/西南风1-2级,chongqing
2020年01月15日,阴/阴,10℃/8℃,南风1-2级/南风1-2级,chongqing
2020年01月16日,阴/阴,12℃/8℃,南风1-2级/南风1-2级,chongqing
2020年01月17日,阴/阴,11℃/7℃,西南风1-2级/西南风1-2级,chongqing
2020年01月18日,阴/阴,11℃/8℃,南风1-2级/南风1-2级,chongqing
2020年01月19日,多云/阴,12℃/6℃,北风1-2级/北风1-2级,chongqing
2020年01月20日,阴/阴,11℃/7℃,西北风1-2级/西北风1-2级,chongqing
2020年01月21日,阴/阴,13℃/9℃,西风1-2级/西风1-2级,chongqing
2020年01月22日,阴/小雨,13℃/10℃,北风1-2级/北风1-2级,chongqing
2020年01月23日,阴/小雨,12℃/10℃,西北风1-2级/西北风1-2级,chongqing
2020年01月24日,小雨/小雨,10℃/9℃,东南风1-2级/东南风1-2级,chongqing
2020年01月25日,小雨/阴,9℃/7℃,北风1-2级/北风1-2级,chongqing
2020年01月26日,阴/阴,12℃/7℃,西风1-2级/西风1-2级,chongqing
2020年01月27日,阴/阴,10℃/7℃,西南风1-2级/西南风1-2级,chongqing
2020年01月28日,多云/多云,13℃/7℃,西南风1-2级/西南风1-2级,chongqing
2020年01月29日,多云/多云,15℃/6℃,东北风1-2级/东北风1-2级,chongqing
2020年01月30日,阴/小雨,14℃/6℃,东南风1-2级/东南风1-2级,chongqing
2020年01月31日,阴/小雨,11℃/8℃,西风1-2级/西风1-2级,chongqing
2020年02月01日,小雨/小雨,10℃/8℃,西南风1-2级/西南风1-2级,chongqing
2020年02月02日,小雨/小雨,10℃/8℃,东风1-2级/东风1-2级,chongqing
2020年02月03日,小雨/多云,10℃/8℃,北风1-2级/北风1-2级,chongqing
2020年02月04日,多云/阴,14℃/7℃,南风1-2级/南风1-2级,chongqing
2020年02月05日,小雨/小雨,11℃/8℃,西风1-2级/西风1-2级,chongqing
2020年02月06日,小雨/阴,10℃/8℃,北风1-2级/北风1-2级,chongqing
2020年02月07日,阴/阴,12℃/9℃,南风1-2级/南风1-2级,chongqing
2020年02月08日,阴/阴,12℃/9℃,东风1-2级/东风1-2级,chongqing
2020年02月09日,阴/小雨,13℃/10℃,西北风1-2级/西北风1-2级,chongqing
2020年02月10日,阴/小雨,12℃/10℃,东风1-2级/东风1-2级,chongqing
2020年02月11日,阴/多云,15℃/10℃,东风1-2级/东风1-2级,chongqing
2020年02月12日,多云/多云,18℃/8℃,东北风1-2级/东北风1-2级,chongqing
2020年02月13日,多云/阴,19℃/11℃,西北风1-2级/西北风1-2级,chongqing
2020年02月14日,小雨/中雨,14℃/4℃,东北风1-2级/东北风1-2级,chongqing
2020年02月15日,小雨/阴,8℃/4℃,东风1-2级/东风1-2级,chongqing
2020年02月16日,晴/晴,10℃/3℃,西北风1-2级/西北风1-2级,chongqing
2020年02月17日,多云/多云,13℃/6℃,东北风1-2级/东北风1-2级,chongqing
2020年02月18日,阴/小雨,12℃/9℃,东南风1-2级/东南风1-2级,chongqing
2020年02月19日,多云/阴,14℃/8℃,西风1-2级/西风1-2级,chongqing
2020年02月20日,小雨/小雨,12℃/8℃,东北风1-2级/东北风1-2级,chongqing
2020年02月21日,阴/阴,14℃/8℃,北风1-2级/北风1-2级,chongqing
2020年02月22日,阴/阴,13℃/10℃,东风1-2级/东风1-2级,chongqing
2020年02月23日,阴/阴,15℃/11℃,西南风1-2级/西南风1-2级,chongqing
2020年02月24日,小雨/阴,14℃/10℃,北风1-2级/北风1-2级,chongqing
2020年02月25日,阴/阴,17℃/11℃,西南风1-2级/西南风1-2级,chongqing
2020年02月26日,阴/小雨,15℃/11℃,北风1-2级/北风1-2级,chongqing
2020年02月27日,小雨/小雨,15℃/12℃,西南风1-2级/西南风1-2级,chongqing
2020年02月28日,小雨/多云,15℃/10℃,北风1-2级/北风1-2级,chongqing
2020年02月29日,多云/多云,18℃/10℃,东南风1-2级/东南风1-2级,chongqing
2020年03月01日,阴/小雨,18℃/10℃,北风1-2级/北风1-2级,chongqing
2020年03月02日,小雨/小雨,13℃/11℃,西北风1-2级/西北风1-2级,chongqing
2020年03月03日,小雨/小雨,12℃/10℃,东风1-2级/东风1-2级,chongqing
2020年03月04日,小雨/阴,13℃/10℃,东南风1-2级/东南风1-2级,chongqing
2020年03月05日,阴/阴,15℃/10℃,西南风1-2级/西南风1-2级,chongqing
2020年03月06日,阴/阴,16℃/11℃,北风1-2级/北风1-2级,chongqing
2020年03月07日,阴/阴,16℃/10℃,西北风1-2级/西北风1-2级,chongqing
2020年03月08日,阴/小雨,17℃/14℃,北风1-2级/北风1-2级,chongqing
2020年03月09日,多云/多云,18℃/12℃,东风1-2级/东风1-2级,chongqing
2020年03月10日,多云/阴,19℃/11℃,北风1-2级/北风1-2级,chongqing
2020年03月11日,小雨/小雨,15℃/12℃,东风1-2级/东风1-2级,chongqing
2020年03月12日,多云/小雨,18℃/12℃,西北风1-2级/西北风1-2级,chongqing
2020年03月13日,阴/阴,18℃/13℃,西北风1-2级/西北风1-2级,chongqing
2020年03月14日,阴/阴,17℃/12℃,北风1-2级/北风1-2级,chongqing
2020年03月15日,多云/小雨,19℃/13℃,西南风1-2级/西南风1-2级,chongqing
2020年03月16日,小雨/小雨,17℃/13℃,西南风1-2级/西南风1-2级,chongqing
2020年03月17日,多云/多云,18℃/12℃,东北风1-2级/东北风1-2级,chongqing
2020年03月18日,晴/多云,22℃/11℃,南风1-2级/南风1-2级,chongqing
2020年03月19日,晴/多云,24℃/14℃,西北风1-2级/西北风1-2级,chongqing
2020年03月20日,多云/多云,27℃/15℃,西风1-2级/西风1-2级,chongqing
2020年03月21日,多云/多云,27℃/16℃,北风1-2级/北风1-2级,chongqing
2020年03月22日,多云/多云,25℃/17℃,西北风1-2级/西北风1-2级,chongqing
2020年03月23日,多云/多云,26℃/18℃,北风1-2级/北风1-2级,chongqing
2020年03月24日,多云/小雨,25℃/18℃,西南风1-2级/西南风1-2级,chongqing
2020年03月25日,多云/多云,27℃/16℃,西风1-2级/西风1-2级,chongqing
2020年03月26日,多云/大雨,29℃/19℃,东风1-2级/东风1-2级,chongqing
2020年03月27日,小雨/阴,17℃/12℃,北风1-2级/北风1-2级,chongqing
2020年03月28日,小雨/小雨,16℃/12℃,西风1-2级/西风1-2级,chongqing
2020年03月29日,阴/小雨,14℃/11℃,东南风1-2级/东南风1-2级,chongqing
2020年03月30日,阴/阴,19℃/12℃,南风1-2级/南风1-2级,chongqing
2020年03月31日,多云/多云,22℃/13℃,北风1-2级/北风1-2级,chongqing
2020年04月01日,阴/小雨,19℃/13℃,西北风1-2级/西北风1-2级,chongqing
2020年04月02日,阴/小雨,17℃/14℃,西北风1-2级/西北风1-2级,chongqing
2020年04月03日,阴/小雨,18℃/13℃,西北风1-2级/西北风1-2级,chongqing
2020年04月04日,阴/小雨,17℃/12℃,东南风1-2级/东南风1-2级,chongqing
2020年04月05日,小雨/阴,15℃/12℃,西北风1-2级/西北风1-2级,chongqing
2020年04月06日,阴/阴,16℃/13℃,东南风1-2级/东南风1-2级,chongqing
2020年04月07日,多云/小雨,21℃/12℃,东南风1-2级/东南风1-2级,chongqing
2020年04月08日,多云/多云,21℃/15℃,西北风1-2级/西北风1-2级,chongqing
2020年04月09日,多云/中雨,27℃/13℃,西北风1-2级/西北风1-2级,chongqing
2020年04月10日,阴/小雨,20℃/15℃,东南风1-2级/东南风1-2级,chongqing
2020年04月11日,小雨/多云,19℃/12℃,东南风3-4级/东南风3-4级,chongqing
2020年04月12日,多云/多云,24℃/14℃,西北风1-2级/西北风1-2级,chongqing
2020年04月13日,小雨/多云,21℃/15℃,东南风1-2级/东南风1-2级,chongqing
2020年04月14日,晴/晴,26℃/15℃,西北风1-2级/西北风1-2级,chongqing
2020年04月15日,晴/多云,27℃/19℃,东南风1-2级/东南风1-2级,chongqing
2020年04月16日,多云/中雨,29℃/17℃,东南风1-2级/东南风1-2级,chongqing
2020年04月17日,阴/小雨,25℃/20℃,西北风1-2级/西北风1-2级,chongqing
2020年04月18日,小雨/多云,22℃/17℃,东南风1-2级/东南风1-2级,chongqing
2020年04月19日,多云/小雨,24℃/16℃,东南风1-2级/东南风1-2级,chongqing
2020年04月20日,小雨/小雨,19℃/17℃,西北风1-2级/西北风1-2级,chongqing
2020年04月21日,小雨/小雨,17℃/15℃,东南风1-2级/东南风1-2级,chongqing
2020年04月22日,小雨/小雨,14℃/12℃,东南风1-2级/东南风1-2级,chongqing
2020年04月23日,小雨/小雨,14℃/12℃,东南风1-2级/东南风1-2级,chongqing
2020年04月24日,阴/阴,18℃/11℃,东南风1-2级/东南风1-2级,chongqing
2020年04月25日,多云/多云,20℃/12℃,西北风1-2级/西北风1-2级,chongqing
2020年04月26日,晴/多云,26℃/13℃,西北风1-2级/西北风1-2级,chongqing
2020年04月27日,晴/晴,29℃/15℃,西北风1-2级/西北风1-2级,chongqing
2020年04月28日,晴/多云,31℃/17℃,西北风1-2级/西北风1-2级,chongqing
2020年04月29日,多云/小雨,31℃/19℃,西北风1-2级/西北风1-2级,chongqing
2020年04月30日,小雨/多云,26℃/19℃,北风1-2级/北风1-2级,chongqing
2020年05月01日,多云/晴,30℃/18℃,西北风1-2级/西北风1-2级,chongqing
2020年05月02日,晴/晴,32℃/21℃,东南风1-2级/东南风1-2级,chongqing
2020年05月03日,晴/多云,35℃/21℃,南风1-2级/南风1-2级,chongqing
2020年05月04日,小雨/小雨,31℃/25℃,西风1-2级/西风1-2级,chongqing
2020年05月05日,多云/中雨,34℃/24℃,西北风1-2级/西北风1-2级,chongqing
2020年05月06日,多云/小雨,33℃/22℃,西南风1-2级/西南风1-2级,chongqing
2020年05月07日,多云/小雨,33℃/24℃,北风1-2级/北风1-2级,chongqing
2020年05月08日,阴/阴,28℃/19℃,东北风1-2级/东北风1-2级,chongqing
2020年05月09日,阴/多云,27℃/19℃,东风1-2级/东风1-2级,chongqing
2020年05月10日,多云/小雨,29℃/19℃,南风1-2级/南风1-2级,chongqing
2020年05月11日,小雨/阴,26℃/19℃,东风1-2级/东风1-2级,chongqing
2020年05月12日,阴/小雨,27℃/19℃,西北风1-2级/西北风1-2级,chongqing
2020年05月13日,阴/中雨,25℃/19℃,东风1-2级/东风1-2级,chongqing
2020年05月14日,多云/多云,25℃/19℃,东北风1-2级/东北风1-2级,chongqing
2020年05月15日,多云/小雨,32℃/18℃,西风1-2级/西风1-2级,chongqing
2020年05月16日,多云/多云,30℃/22℃,北风1-2级/北风1-2级,chongqing
2020年05月17日,多云/多云,31℃/23℃,西北风1-2级/西北风1-2级,chongqing
2020年05月18日,多云/多云,34℃/22℃,东南风1-2级/东南风1-2级,chongqing
2020年05月19日,多云/大雨,35℃/22℃,西南风1-2级/西南风1-2级,chongqing
2020年05月20日,小雨/小雨,30℃/25℃,东风1-2级/东风1-2级,chongqing
2020年05月21日,小雨/阴,28℃/22℃,东风1-2级/东风1-2级,chongqing
2020年05月22日,阴/多云,29℃/22℃,西北风1-2级/西北风1-2级,chongqing
2020年05月23日,多云/多云,34℃/22℃,北风1-2级/北风1-2级,chongqing
2020年05月24日,小雨/大雨,25℃/20℃,东风1-2级/东风1-2级,chongqing
2020年05月25日,小雨/阴,22℃/19℃,东北风1-2级/东北风1-2级,chongqing
2020年05月26日,阴/小雨,25℃/18℃,北风1-2级/北风1-2级,chongqing
2020年05月27日,小雨/阴,23℃/20℃,西北风1-2级/西北风1-2级,chongqing
2020年05月28日,阴/阴,26℃/19℃,西北风1-2级/西北风1-2级,chongqing
2020年05月29日,晴/多云,29℃/20℃,西风1-2级/西风1-2级,chongqing
2020年05月30日,晴/中雨,32℃/22℃,南风1-2级/南风1-2级,chongqing
2020年05月31日,小雨/多云,29℃/22℃,东北风1-2级/东北风1-2级,chongqing
2020年06月01日,多云/中雨,32℃/22℃,西南风1-2级/西南风1-2级,chongqing
2020年06月02日,中雨/小雨,25℃/19℃,东北风1-2级/东北风1-2级,chongqing
2020年06月03日,多云/晴,27℃/19℃,东北风1-2级/东北风1-2级,chongqing
2020年06月04日,多云/多云,31℃/21℃,西南风1-2级/西南风1-2级,chongqing
2020年06月05日,晴/晴,33℃/22℃,东风1-2级/东风1-2级,chongqing
2020年06月06日,多云/阴,33℃/24℃,东北风4-5级/东北风4-5级,chongqing
2020年06月07日,小雨/小雨,31℃/23℃,西南风4-5级/西南风4-5级,chongqing
2020年06月08日,大雨/小雨,27℃/22℃,西南风4-5级/西南风4-5级,chongqing
2020年06月09日,小雨/阴,28℃/22℃,西南风4-5级/西南风4-5级,chongqing
2020年06月10日,多云/小雨,31℃/23℃,西风4-5级/西风4-5级,chongqing
2020年06月11日,小雨/大雨,31℃/24℃,西风4-5级/西风4-5级,chongqing
2020年06月12日,小雨/小雨,29℃/24℃,西风4-5级/西风4-5级,chongqing
2020年06月13日,小雨/小雨,30℃/23℃,西北风4-5级/西北风4-5级,chongqing
2020年06月14日,小雨/阴,30℃/24℃,西南风4-5级/西南风4-5级,chongqing
2020年06月15日,多云/多云,34℃/26℃,东南风5-6级/东南风5-6级,chongqing
2020年06月16日,多云/中雨,36℃/26℃,东南风4-5级/东南风4-5级,chongqing
2020年06月17日,中雨/小雨,27℃/22℃,西风4-5级/西风4-5级,chongqing
2020年06月18日,多云/多云,30℃/23℃,东风3-4级/东风3-4级,chongqing
2020年06月19日,多云/中雨,32℃/24℃,东北风1-2级/东北风1-2级,chongqing
2020年06月20日,小雨/大雨,28℃/22℃,北风1-2级/北风1-2级,chongqing
2020年06月21日,阴/小雨,27℃/22℃,东北风1-2级/东北风1-2级,chongqing
2020年06月22日,小雨/小雨,27℃/23℃,西风1-2级/西风1-2级,chongqing
2020年06月23日,小雨/阴,29℃/24℃,西南风1-2级/西南风1-2级,chongqing
2020年06月24日,多云/晴,31℃/23℃,西南风1-2级/西南风1-2级,chongqing
2020年06月25日,晴/晴,34℃/24℃,东南风1-2级/东南风1-2级,chongqing
2020年06月26日,多云/中雨,36℃/26℃,东南风1-2级/东南风1-2级,chongqing
2020年06月27日,大雨/小雨,25℃/21℃,西南风1-2级/西南风1-2级,chongqing
2020年06月28日,小雨/阴,29℃/23℃,西南风1-2级/西南风1-2级,chongqing
2020年06月29日,多云/多云,33℃/25℃,西南风1-2级/西南风1-2级,chongqing
2020年06月30日,小雨/大雨,31℃/26℃,西南风1-2级/西南风1-2级,chongqing
2020年07月01日,暴雨/大雨,27℃/23℃,西风1-2级/西风1-2级,chongqing
2020年07月02日,阴/小雨,29℃/20℃,南风1-2级/南风1-2级,chongqing
2020年07月03日,多云/小雨,33℃/24℃,东风1-2级/东风1-2级,chongqing
2020年07月04日,中雨/中雨,27℃/24℃,西南风1-2级/西南风1-2级,chongqing
2020年07月04日,中雨/中雨,27℃/24℃,西南风1-2级/西南风1-2级,chongqing
2020年07月05日,中雨/中雨,29℃/25℃,北风1-2级/北风1-2级,chongqing
2020年07月05日,中雨/中雨,29℃/25℃,北风1-2级/北风1-2级,chongqing
2020年07月06日,中雨/中雨,29℃/24℃,东风1-2级/东风1-2级,chongqing
2020年07月07日,小雨/阴,30℃/24℃,北风1-2级/北风1-2级,chongqing
2020年07月08日,多云/阴,30℃/24℃,南风1-2级/南风1-2级,chongqing
2020年07月09日,阴/中雨,33℃/25℃,西南风1-2级/西南风1-2级,chongqing
2020年07月10日,小雨/小雨,31℃/25℃,东北风1-2级/东北风1-2级,chongqing
2020年07月11日,小雨/中雨,29℃/24℃,西南风1-2级/西南风1-2级,chongqing
2020年07月12日,小雨/小雨,28℃/24℃,西南风1-2级/西南风1-2级,chongqing
2020年07月13日,中雨/小雨,30℃/25℃,西南风1-2级/西南风1-2级,chongqing
2020年07月14日,多云/小雨,33℃/25℃,东北风1-2级/东北风1-2级,chongqing
2020年07月15日,雷阵雨/中雨,30℃/26℃,西南风1-2级/西南风1-2级,chongqing
2020年07月16日,雷阵雨/中雨,29℃/26℃,西南风1-2级/西南风1-2级,chongqing
2020年07月17日,大雨/小雨,27℃/24℃,西南风1-2级/西南风1-2级,chongqing
2020年07月18日,阴/阴,30℃/24℃,北风1-2级/北风1-2级,chongqing
2020年07月19日,晴/晴,33℃/24℃,西风1-2级/西风1-2级,chongqing
2020年07月20日,阴/小雨,30℃/24℃,东北风1-2级/东北风1-2级,chongqing
2020年07月21日,小雨/小雨,30℃/25℃,东南风1-2级/东南风1-2级,chongqing
2020年07月22日,多云/多云,31℃/25℃,北风1-2级/北风1-2级,chongqing
2020年07月23日,多云/阴,35℃/26℃,东风1-2级/东风1-2级,chongqing
2020年07月24日,多云/多云,37℃/27℃,东北风1-2级/东北风1-2级,chongqing
2020年07月25日,中雨/暴雨,33℃/26℃,北风1-2级/北风1-2级,chongqing
2020年07月26日,中雨/多云,28℃/23℃,南风1-2级/南风1-2级,chongqing
2020年07月27日,晴/晴,33℃/25℃,东风1-2级/东风1-2级,chongqing
2020年07月28日,晴/多云,37℃/27℃,东北风1-2级/东北风1-2级,chongqing
2020年07月29日,多云/多云,37℃/27℃,东南风1-2级/东南风1-2级,chongqing
2020年07月30日,阴/小雨,30℃/26℃,西北风1-2级/西北风1-2级,chongqing
2020年07月31日,阴/阴,30℃/24℃,西北风1-2级/西北风1-2级,chongqing
2020年08月01日,多云/多云,35℃/26℃,东北风1-2级/东北风1-2级,chongqing
2020年08月02日,晴/多云,37℃/28℃,南风1-2级/南风1-2级,chongqing
2020年08月03日,多云/多云,37℃/29℃,东北风1-2级/东北风1-2级,chongqing
2020年08月04日,多云/晴,37℃/29℃,东南风1-2级/东南风1-2级,chongqing
2020年08月05日,晴/晴,38℃/29℃,东南风1-2级/东南风1-2级,chongqing
2020年08月06日,晴/晴,39℃/30℃,东南风1-2级/东南风1-2级,chongqing
2020年08月07日,多云/阴,38℃/28℃,东南风1-2级/东南风1-2级,chongqing
2020年08月08日,小雨/小雨,34℃/26℃,西风1-2级/西风1-2级,chongqing
2020年08月09日,多云/晴,36℃/28℃,东南风1-2级/东南风1-2级,chongqing
2020年08月10日,晴/多云,36℃/29℃,东北风1-2级/东北风1-2级,chongqing
2020年08月11日,多云/多云,38℃/30℃,东南风1-2级/东南风1-2级,chongqing
2020年08月12日,小雨/多云,37℃/27℃,东南风1-2级/东南风1-2级,chongqing
2020年08月13日,小雨/小雨,32℃/26℃,西南风1-2级/西南风1-2级,chongqing
2020年08月14日,阴/阴,37℃/29℃,东南风1-2级/东南风1-2级,chongqing
2020年08月15日,多云/多云,38℃/30℃,东南风3-4级/东南风3-4级,chongqing
2020年08月16日,多云/多云,38℃/29℃,东南风3-4级/东南风3-4级,chongqing
2020年08月17日,小雨/小雨,36℃/30℃,东南风1-2级/东南风1-2级,chongqing
2020年08月18日,多云/多云,33℃/30℃,西南风3-4级/西南风3-4级,chongqing
2020年08月19日,多云/多云,32℃/29℃,东风1-2级/东风1-2级,chongqing
2020年08月20日,多云/小雨,32℃/27℃,西北风1-2级/西北风1-2级,chongqing
2020年08月21日,多云/多云,33℃/27℃,东北风1-2级/东北风1-2级,chongqing
2020年08月22日,多云/多云,37℃/28℃,南风1-2级/南风1-2级,chongqing
2020年08月23日,多云/雷阵雨,38℃/25℃,南风1-2级/南风1-2级,chongqing
2020年08月24日,小雨/多云,29℃/23℃,西风1-2级/西风1-2级,chongqing
2020年08月25日,晴/晴,34℃/24℃,西北风1-2级/西北风1-2级,chongqing
2020年08月26日,晴/晴,36℃/25℃,北风1-2级/北风1-2级,chongqing
2020年08月27日,晴/晴,38℃/26℃,东风1-2级/东风1-2级,chongqing
2020年08月28日,多云/晴,38℃/28℃,南风1-2级/南风1-2级,chongqing
2020年08月29日,晴/多云,39℃/29℃,东南风1-2级/东南风1-2级,chongqing
2020年08月30日,晴/晴,39℃/28℃,东南风1-2级/东南风1-2级,chongqing
2020年08月31日,多云/多云,33℃/25℃,北风1-2级/北风1-2级,chongqing
2020年09月01日,多云/多云,35℃/26℃,北风1-2级/北风1-2级,chongqing
2020年09月02日,小雨/小雨,30℃/26℃,西南风1-2级/西南风1-2级,chongqing
2020年09月03日,小雨/阴,29℃/24℃,东南风1-2级/东南风1-2级,chongqing
2020年09月04日,小雨/小雨,29℃/22℃,东北风1-2级/东北风1-2级,chongqing
2020年09月05日,多云/大雨,29℃/23℃,东北风1-2级/东北风1-2级,chongqing
2020年09月06日,中雨/多云,26℃/22℃,北风1-2级/北风1-2级,chongqing
2020年09月07日,多云/晴,31℃/22℃,东南风1-2级/东南风1-2级,chongqing
2020年09月08日,多云/多云,33℃/24℃,南风1-2级/南风1-2级,chongqing
2020年09月09日,阴/大雨,31℃/24℃,东北风1-2级/东北风1-2级,chongqing
2020年09月10日,小雨/小雨,30℃/23℃,西南风1-2级/西南风1-2级,chongqing
2020年09月11日,小雨/小雨,27℃/22℃,东南风1-2级/东南风1-2级,chongqing
2020年09月12日,小雨/小雨,25℃/21℃,东北风1-2级/东北风1-2级,chongqing
2020年09月13日,小雨/小雨,21℃/19℃,东北风1-2级/东北风1-2级,chongqing
2020年09月14日,小雨/小雨,23℃/20℃,北风1-2级/北风1-2级,chongqing
2020年09月15日,小雨/小雨,24℃/21℃,东北风1-2级/东北风1-2级,chongqing
2020年09月16日,小雨/小雨,23℃/21℃,北风1-2级/北风1-2级,chongqing
2020年09月17日,小雨/多云,20℃/19℃,东北风1-2级/东北风1-2级,chongqing
2020年09月18日,多云/多云,26℃/18℃,东北风1-2级/东北风1-2级,chongqing
2020年09月19日,晴/阴,28℃/21℃,东风1-2级/东风1-2级,chongqing
2020年09月20日,阴/阴,28℃/23℃,北风1-2级/北风1-2级,chongqing
2020年09月21日,小雨/中雨,25℃/19℃,北风1-2级/北风1-2级,chongqing
2020年09月22日,小雨/多云,21℃/18℃,西风1-2级/西风1-2级,chongqing
2020年09月23日,小雨/多云,22℃/18℃,西风1-2级/西风1-2级,chongqing
2020年09月24日,多云/小雨,27℃/19℃,东北风1-2级/东北风1-2级,chongqing
2020年09月25日,小雨/中雨,21℃/19℃,东北风1-2级/东北风1-2级,chongqing
2020年09月26日,小雨/小雨,21℃/18℃,东风1-2级/东风1-2级,chongqing
2020年09月27日,阴/阴,23℃/18℃,东风1-2级/东风1-2级,chongqing
2020年09月28日,小雨/小雨,22℃/20℃,东北风1-2级/东北风1-2级,chongqing
2020年09月29日,小雨/阴,23℃/18℃,西风1-2级/西风1-2级,chongqing
2020年09月30日,阴/阴,25℃/19℃,东北风1-2级/东北风1-2级,chongqing
2020年10月01日,阴/小雨,23℃/21℃,东北风1-2级/东北风1-2级,chongqing
2020年10月02日,小雨/中雨,23℃/19℃,东北风1-2级/东北风1-2级,chongqing
2020年10月03日,小雨/小雨,21℃/18℃,西北风1-2级/西北风1-2级,chongqing
2020年10月04日,小雨/小雨,19℃/17℃,西北风1-2级/西北风1-2级,chongqing
2020年10月05日,小雨/小雨,19℃/15℃,东风1-2级/东风1-2级,chongqing
2020年10月06日,小雨/小雨,17℃/15℃,东北风1-2级/东北风1-2级,chongqing
2020年10月07日,阴/阴,19℃/16℃,南风1-2级/南风1-2级,chongqing
2020年10月08日,阴/小雨,19℃/17℃,东北风1-2级/东北风1-2级,chongqing
2020年10月09日,阴/阴,21℃/15℃,东北风1-2级/东北风1-2级,chongqing
2020年10月10日,阴/阴,22℃/17℃,北风1-2级/北风1-2级,chongqing
2020年10月11日,阴/小雨,20℃/18℃,北风1-2级/北风1-2级,chongqing
2020年10月12日,小雨/多云,20℃/17℃,西南风1-2级/西南风1-2级,chongqing
2020年10月13日,多云/多云,23℃/17℃,西北风1-2级/西北风1-2级,chongqing
2020年10月14日,阴/小雨,20℃/15℃,西南风1-2级/西南风1-2级,chongqing
2020年10月15日,小雨/小雨,15℃/14℃,西风1-2级/西风1-2级,chongqing
2020年10月16日,小雨/小雨,16℃/14℃,西北风1-2级/西北风1-2级,chongqing
2020年10月17日,小雨/小雨,16℃/14℃,东南风1-2级/东南风1-2级,chongqing
2020年10月18日,小雨/小雨,18℃/14℃,西风1-2级/西风1-2级,chongqing
2020年10月19日,小雨/小雨,19℃/15℃,北风1-2级/北风1-2级,chongqing
2020年10月20日,小雨/阴,17℃/14℃,北风1-2级/北风1-2级,chongqing
2020年10月21日,多云/多云,20℃/13℃,东风1-2级/东风1-2级,chongqing
2020年10月22日,晴/晴,22℃/13℃,北风1-2级/北风1-2级,chongqing
2020年10月23日,晴/多云,23℃/13℃,东北风1-2级/东北风1-2级,chongqing
2020年10月24日,多云/多云,23℃/17℃,东风1-2级/东风1-2级,chongqing
2020年10月25日,阴/阴,21℃/17℃,东北风1-2级/东北风1-2级,chongqing
2020年10月26日,阴/阴,21℃/17℃,西南风1-2级/西南风1-2级,chongqing
2020年10月27日,阴/小雨,18℃/16℃,北风1-2级/北风1-2级,chongqing
2020年10月28日,小雨/小雨,18℃/15℃,西南风1-2级/西南风1-2级,chongqing
2020年10月29日,阴/阴,18℃/15℃,东北风1-2级/东北风1-2级,chongqing
2020年10月30日,阴/小雨,19℃/16℃,东北风1-2级/东北风1-2级,chongqing
2020年10月31日,小雨/小雨,18℃/15℃,西南风1-2级/西南风1-2级,chongqing
2020年11月01日,小雨/小雨,17℃/15℃,西风1-2级/西风1-2级,chongqing
2020年11月02日,小雨/小雨,15℃/13℃,南风1-2级/南风1-2级,chongqing
2020年11月03日,阴/阴,17℃/15℃,东风1-2级/东风1-2级,chongqing
2020年11月04日,多云/小雨,17℃/14℃,东风1-2级/东风1-2级,chongqing
2020年11月05日,小雨/小雨,17℃/14℃,东北风1-2级/东北风1-2级,chongqing
2020年11月06日,多云/多云,19℃/15℃,西南风1-2级/西南风1-2级,chongqing
2020年11月07日,阴/阴,20℃/15℃,南风1-2级/南风1-2级,chongqing
2020年11月08日,阴/阴,21℃/14℃,北风1-2级/北风1-2级,chongqing
2020年11月09日,多云/多云,21℃/13℃,南风1-2级/南风1-2级,chongqing
2020年11月10日,晴/晴,23℃/14℃,东北风1-2级/东北风1-2级,chongqing
2020年11月11日,晴/多云,24℃/14℃,东风1-2级/东风1-2级,chongqing
2020年11月12日,晴/晴,24℃/12℃,东南风1-2级/东南风1-2级,chongqing
2020年11月13日,晴/晴,24℃/12℃,东北风1-2级/东北风1-2级,chongqing
2020年11月14日,晴/晴,25℃/14℃,东北风1-2级/东北风1-2级,chongqing
2020年11月15日,晴/晴,24℃/13℃,北风1-2级/北风1-2级,chongqing
2020年11月16日,多云/多云,24℃/14℃,东北风1-2级/东北风1-2级,chongqing
2020年11月17日,晴/阴,24℃/16℃,北风1-2级/北风1-2级,chongqing
2020年11月18日,阴/阴,22℃/15℃,西风1-2级/西风1-2级,chongqing
2020年11月19日,多云/阴,20℃/15℃,东北风1-2级/东北风1-2级,chongqing
2020年11月20日,小雨/小雨,18℃/13℃,东风1-2级/东风1-2级,chongqing
2020年11月21日,小雨/小雨,17℃/8℃,西北风1-2级/西北风1-2级,chongqing
2020年11月22日,小雨/小雨,11℃/8℃,西北风1-2级/西北风1-2级,chongqing
2020年11月23日,阴/小雨,10℃/8℃,西风1-2级/西风1-2级,chongqing
2020年11月24日,小雨/小雨,12℃/8℃,北风1-2级/北风1-2级,chongqing
2020年11月25日,阴/小雨,12℃/9℃,西北风1-2级/西北风1-2级,chongqing
2020年11月26日,阴/阴,14℃/10℃,东北风1-2级/东北风1-2级,chongqing
2020年11月27日,阴/小雨,12℃/11℃,西风1-2级/西风1-2级,chongqing
2020年11月28日,小雨/阴,12℃/8℃,南风1-2级/南风1-2级,chongqing
2020年11月29日,多云/多云,14℃/8℃,东北风1-2级/东北风1-2级,chongqing
2020年11月30日,阴/阴,13℃/10℃,东风1-2级/东风1-2级,chongqing
2020年12月01日,小雨/小雨,11℃/9℃,北风1-2级/北风1-2级,chongqing
2020年12月02日,小雨/小雨,11℃/9℃,东北风1-2级/东北风1-2级,chongqing
2020年12月03日,小雨/阴,10℃/9℃,东北风1-2级/东北风1-2级,chongqing
2020年12月03日,小雨/阴,10℃/9℃,东北风1-2级/东北风1-2级,chongqing
2020年12月04日,阴/阴,10℃/8℃,北风1-2级/北风1-2级,chongqing
2020年12月05日,阴/小雨,12℃/8℃,东北风1-2级/东北风1-2级,chongqing
2020年12月06日,阴/阴,11℃/9℃,北风1-2级/北风1-2级,chongqing
2020年12月07日,小雨/小雨,10℃/9℃,西南风1-2级/西南风1-2级,chongqing
2020年12月08日,多云/多云,13℃/8℃,东风1-2级/东风1-2级,chongqing
2020年12月09日,阴/阴,12℃/10℃,东北风1-2级/东北风1-2级,chongqing
2020年12月10日,阴/阴,12℃/9℃,北风1-2级/北风1-2级,chongqing
2020年12月11日,小雨/阴,11℃/9℃,东北风1-2级/东北风1-2级,chongqing
2020年12月12日,阴/小雨,12℃/10℃,东北风1-2级/东北风1-2级,chongqing
2020年12月13日,小雨/小雨,10℃/5℃,北风1-2级/北风1-2级,chongqing
2020年12月14日,小雨/阴,7℃/6℃,南风1-2级/南风1-2级,chongqing
2020年12月15日,阴/阴,8℃/6℃,北风1-2级/北风1-2级,chongqing
2020年12月16日,阴/阴,8℃/7℃,北风1-2级/北风1-2级,chongqing
2020年12月17日,阴/阴,7℃/6℃,北风1-2级/北风1-2级,chongqing
2020年12月18日,阴/阴,9℃/5℃,北风1-2级/北风1-2级,chongqing
2020年12月19日,阴/多云,9℃/6℃,东北风1-2级/东北风1-2级,chongqing
2020年12月20日,多云/多云,9℃/4℃,东北风1-2级/东北风1-2级,chongqing
2020年12月21日,多云/多云,11℃/3℃,北风1-2级/北风1-2级,chongqing
2020年12月22日,多云/阴,11℃/4℃,北风1-2级/北风1-2级,chongqing
2020年12月23日,阴/阴,10℃/7℃,西南风1-2级/西南风1-2级,chongqing
2020年12月24日,多云/阴,11℃/5℃,西北风1-2级/西北风1-2级,chongqing
2020年12月25日,阴/阴,10℃/6℃,北风1-2级/北风1-2级,chongqing
2020年12月26日,阴/阴,10℃/6℃,西风1-2级/西风1-2级,chongqing
2020年12月27日,多云/小雨,13℃/6℃,东北风1-2级/东北风1-2级,chongqing
2020年12月28日,小雨/小雨,9℃/6℃,西北风1-2级/西北风1-2级,chongqing
2020年12月29日,小雨/阴,8℃/6℃,北风1-2级/北风1-2级,chongqing
2020年12月30日,阴/小雨,7℃/5℃,北风1-2级/北风1-2级,chongqing
2020年12月31日,小雨/阴,8℃/4℃,南风1-2级/南风1-2级,chongqing
2021年01月01日,多云/多云,10℃/4℃,东北风1-2级/东北风1-2级,chongqing
2021年01月02日,阴/小雨,9℃/6℃,北风1-2级/北风1-2级,chongqing
2021年01月03日,阴/阴,8℃/6℃,西南风1-2级/西南风1-2级,chongqing
2021年01月04日,阴/小雨,10℃/6℃,东北风1-2级/东北风1-2级,chongqing
2021年01月05日,小雨/小雨,9℃/7℃,西南风1-2级/西南风1-2级,chongqing
2021年01月06日,阴/小雨,8℃/5℃,东北风1-2级/东北风1-2级,chongqing
2021年01月07日,小雨/阴,5℃/3℃,东北风1-2级/东北风1-2级,chongqing
2021年01月08日,多云/阴,6℃/3℃,西北风1-2级/西北风1-2级,chongqing
2021年01月09日,多云/阴,7℃/4℃,东北风1-2级/东北风1-2级,chongqing
2021年01月10日,小雨/多云,6℃/2℃,北风1-2级/北风1-2级,chongqing
2021年01月11日,阴/多云,9℃/1℃,西风1-2级/西风1-2级,chongqing
2021年01月12日,多云/晴,11℃/0℃,东北风1-2级/东北风1-2级,chongqing
2021年01月13日,晴/晴,11℃/1℃,西南风1-2级/西南风1-2级,chongqing
2021年01月14日,晴/晴,13℃/3℃,东北风1-2级/东北风1-2级,chongqing
2021年01月15日,晴/小雨,13℃/4℃,北风1-2级/北风1-2级,chongqing
2021年01月16日,小雨/小雨,7℃/4℃,东北风1-2级/东北风1-2级,chongqing
2021年01月17日,小雨/多云,8℃/2℃,南风1-2级/南风1-2级,chongqing
2021年01月18日,晴/晴,10℃/2℃,东北风1-2级/东北风1-2级,chongqing
2021年01月19日,晴/多云,11℃/1℃,西风1-2级/西风1-2级,chongqing
2021年01月20日,阴/小雨,10℃/7℃,东北风1-2级/东北风1-2级,chongqing
2021年01月21日,多云/多云,9℃/6℃,北风1-2级/北风1-2级,chongqing
2021年01月22日,晴/晴,14℃/6℃,东北风1-2级/东北风1-2级,chongqing
2021年01月23日,阴/阴,17℃/6℃,北风1-2级/北风1-2级,chongqing
2021年01月24日,阴/小雨,12℃/9℃,北风1-2级/北风1-2级,chongqing
2021年01月25日,小雨/多云,11℃/8℃,西北风1-2级/西北风1-2级,chongqing
2021年01月26日,阴/小雨,11℃/8℃,南风1-2级/南风1-2级,chongqing
2021年01月27日,阴/多云,11℃/7℃,西风1-2级/西风1-2级,chongqing
2021年01月28日,多云/阴,13℃/8℃,东风1-2级/东风1-2级,chongqing
2021年01月29日,阴/阴,12℃/7℃,东北风1-2级/东北风1-2级,chongqing
2021年01月30日,阴/小雨,12℃/8℃,西南风1-2级/西南风1-2级,chongqing
2021年01月31日,小雨/小雨,11℃/8℃,西南风1-2级/西南风1-2级,chongqing
2021年02月01日,多云/阴,14℃/7℃,东北风1-2级/东北风1-2级,chongqing
2021年02月02日,阴/多云,12℃/8℃,东北风1-2级/东北风1-2级,chongqing
2021年02月03日,阴/小雨,13℃/8℃,东北风1-2级/东北风1-2级,chongqing
2021年02月04日,小雨/阴,11℃/9℃,北风1-2级/北风1-2级,chongqing
2021年02月05日,阴/阴,14℃/9℃,东南风1-2级/东南风1-2级,chongqing
2021年02月06日,多云/多云,16℃/7℃,东北风1-2级/东北风1-2级,chongqing
2021年02月07日,多云/阴,15℃/10℃,东北风1-2级/东北风1-2级,chongqing
2021年02月08日,多云/多云,17℃/10℃,东北风1-2级/东北风1-2级,chongqing
2021年02月09日,多云/多云,16℃/9℃,东南风1-2级/东南风1-2级,chongqing
2021年02月10日,多云/多云,18℃/8℃,东北风1-2级/东北风1-2级,chongqing
2021年02月11日,多云/多云,18℃/10℃,西风1-2级/西风1-2级,chongqing
2021年02月12日,晴/多云,20℃/11℃,东北风1-2级/东北风1-2级,chongqing
2021年02月13日,阴/多云,15℃/11℃,西风1-2级/西风1-2级,chongqing
2021年02月14日,晴/小雨,20℃/10℃,东北风1-2级/东北风1-2级,chongqing
2021年02月15日,小雨/小雨,15℃/12℃,西北风1-2级/西北风1-2级,chongqing
2021年02月16日,阴/多云,16℃/9℃,东南风1-2级/东南风1-2级,chongqing
2021年02月17日,多云/多云,17℃/8℃,东北风1-2级/东北风1-2级,chongqing
2021年02月18日,阴/多云,18℃/11℃,东北风1-2级/东北风1-2级,chongqing
2021年02月19日,多云/多云,19℃/9℃,西南风1-2级/西南风1-2级,chongqing
2021年02月20日,晴/多云,20℃/11℃,东北风1-2级/东北风1-2级,chongqing
2021年02月21日,晴/晴,23℃/12℃,北风1-2级/北风1-2级,chongqing
2021年02月22日,多云/小雨,23℃/13℃,北风1-2级/北风1-2级,chongqing
2021年02月23日,阴/晴,24℃/15℃,东北风1-2级/东北风1-2级,chongqing
2021年02月24日,多云/小雨,26℃/15℃,东北风1-2级/东北风1-2级,chongqing
2021年02月25日,小雨/小雨,17℃/14℃,西北风1-2级/西北风1-2级,chongqing
2021年02月26日,阴/多云,15℃/10℃,东北风1-2级/东北风1-2级,chongqing
2021年02月27日,阴/阴,15℃/10℃,东北风1-2级/东北风1-2级,chongqing
2021年02月28日,小雨/小雨,13℃/10℃,北风1-2级/北风1-2级,chongqing
2021年03月01日,小雨/阴,13℃/8℃,西北风1-2级/西北风1-2级,chongqing
2021年03月02日,阴/小雨,15℃/9℃,东风1-2级/东风1-2级,chongqing
2021年03月03日,阴/多云,15℃/8℃,东北风1-2级/东北风1-2级,chongqing
2021年03月04日,多云/小雨,19℃/9℃,东北风1-2级/东北风1-2级,chongqing
2021年03月05日,阴/小雨,16℃/12℃,东北风1-2级/东北风1-2级,chongqing
2021年03月06日,小雨/小雨,17℃/12℃,北风1-2级/北风1-2级,chongqing
2021年03月07日,小雨/小雨,16℃/11℃,东北风1-2级/东北风1-2级,chongqing
2021年03月08日,多云/阴,19℃/11℃,北风1-2级/北风1-2级,chongqing
2021年03月09日,阴/小雨,17℃/13℃,北风1-2级/北风1-2级,chongqing
2021年03月10日,多云/多云,19℃/10℃,东北风1-2级/东北风1-2级,chongqing
2021年03月11日,多云/多云,19℃/11℃,东北风1-2级/东北风1-2级,chongqing
2021年03月12日,多云/多云,21℃/12℃,北风1-2级/北风1-2级,chongqing
2021年03月13日,多云/多云,25℃/14℃,东北风1-2级/东北风1-2级,chongqing
2021年03月14日,多云/中雨,26℃/15℃,东北风1-2级/东北风1-2级,chongqing
2021年03月15日,多云/阴,25℃/14℃,东风1-2级/东风1-2级,chongqing
2021年03月16日,小雨/小雨,25℃/17℃,东风1-2级/东风1-2级,chongqing
2021年03月17日,多云/小雨,24℃/17℃,东北风1-2级/东北风1-2级,chongqing
2021年03月18日,阴/小雨,23℃/17℃,东北风1-2级/东北风1-2级,chongqing
2021年03月19日,小雨/小雨,21℃/12℃,北风1-2级/北风1-2级,chongqing
2021年03月20日,小雨/小雨,13℃/8℃,西北风1-2级/西北风1-2级,chongqing
2021年03月21日,小雨/小雨,11℃/9℃,北风1-2级/北风1-2级,chongqing
2021年03月22日,阴/多云,13℃/9℃,南风1-2级/南风1-2级,chongqing
2021年03月23日,晴/晴,17℃/10℃,东北风1-2级/东北风1-2级,chongqing
2021年03月24日,多云/阴,23℃/10℃,北风1-2级/北风1-2级,chongqing
2021年03月25日,阴/小雨,20℃/16℃,北风1-2级/北风1-2级,chongqing
2021年03月26日,小雨/多云,18℃/14℃,西南风1-2级/西南风1-2级,chongqing
2021年03月27日,多云/多云,22℃/13℃,东风1-2级/东风1-2级,chongqing
2021年03月28日,晴/多云,26℃/12℃,东北风1-2级/东北风1-2级,chongqing
2021年03月29日,多云/多云,28℃/17℃,西南风1-2级/西南风1-2级,chongqing
2021年03月30日,多云/多云,27℃/18℃,东北风1-2级/东北风1-2级,chongqing
2021年03月31日,小雨/小雨,25℃/17℃,北风1-2级/北风1-2级,chongqing
2021年04月01日,小雨/小雨,18℃/16℃,西风1-2级/西风1-2级,chongqing
2021年04月02日,小雨/小雨,17℃/13℃,北风1-2级/北风1-2级,chongqing
2021年04月03日,小雨/小雨,17℃/13℃,西风1-2级/西风1-2级,chongqing
2021年04月04日,小雨/阴,19℃/15℃,东风1-2级/东风1-2级,chongqing
2021年04月05日,阴/阴,19℃/14℃,东北风1-2级/东北风1-2级,chongqing
2021年04月06日,阴/小雨,19℃/13℃,东北风1-2级/东北风1-2级,chongqing
2021年04月07日,小雨/小雨,18℃/14℃,西南风1-2级/西南风1-2级,chongqing
2021年04月08日,阴/阴,19℃/14℃,南风1-2级/南风1-2级,chongqing
2021年04月09日,多云/小雨,20℃/15℃,东北风1-2级/东北风1-2级,chongqing
2021年04月10日,阴/小雨,19℃/14℃,东风1-2级/东风1-2级,chongqing
2021年04月11日,阴/小雨,18℃/14℃,东北风1-2级/东北风1-2级,chongqing
2021年04月12日,多云/小雨,19℃/14℃,西南风1-2级/西南风1-2级,chongqing
2021年04月13日,阴/小雨,23℃/15℃,东风1-2级/东风1-2级,chongqing
2021年04月14日,小雨/阴,21℃/16℃,东北风1-2级/东北风1-2级,chongqing
2021年04月15日,阴/小雨,20℃/16℃,西北风1-2级/西北风1-2级,chongqing
2021年04月16日,小雨/小雨,18℃/15℃,西风1-2级/西风1-2级,chongqing
2021年04月17日,阴/小雨,19℃/15℃,东北风1-2级/东北风1-2级,chongqing
2021年04月18日,阴/阴,17℃/16℃,东北风1-2级/东北风1-2级,chongqing
2021年04月19日,阴/中雨,20℃/16℃,北风1-2级/北风1-2级,chongqing
2021年04月20日,小雨/小雨,22℃/16℃,东北风1-2级/东北风1-2级,chongqing
2021年04月21日,小雨/多云,23℃/15℃,东北风1-2级/东北风1-2级,chongqing
2021年04月22日,多云/阴,27℃/16℃,东风1-2级/东风1-2级,chongqing
2021年04月23日,小雨/中雨,24℃/21℃,东北风1-2级/东北风1-2级,chongqing
2021年04月24日,阴/小雨,23℃/20℃,北风1-2级/北风1-2级,chongqing
2021年04月25日,小雨/小雨,19℃/16℃,东南风1-2级/东南风1-2级,chongqing
2021年04月26日,多云/多云,22℃/16℃,东南风1-2级/东南风1-2级,chongqing
2021年04月27日,多云/小雨,25℃/18℃,西风1-2级/西风1-2级,chongqing
2021年04月28日,小雨/晴,23℃/17℃,西南风1-2级/西南风1-2级,chongqing
2021年04月29日,晴/晴,28℃/16℃,东风1-2级/东风1-2级,chongqing
2021年04月30日,晴/晴,31℃/19℃,西南风1-2级/西南风1-2级,chongqing
2021年05月01日,晴/多云,33℃/21℃,东南风1-2级/东南风1-2级,chongqing
2021年05月02日,中雨/中雨,33℃/20℃,东南风1-2级/东南风1-2级,chongqing
2021年05月03日,小雨/小雨,27℃/20℃,西南风1-2级/西南风1-2级,chongqing
2021年05月04日,阴/小雨,27℃/17℃,西北风1-2级/西北风1-2级,chongqing
2021年05月05日,小雨/中雨,18℃/15℃,北风1-2级/北风1-2级,chongqing
2021年05月06日,小雨/多云,21℃/17℃,东南风1-2级/东南风1-2级,chongqing
2021年05月07日,小雨/阴,26℃/17℃,东风1-2级/东风1-2级,chongqing
2021年05月08日,多云/晴,29℃/17℃,西南风1-2级/西南风1-2级,chongqing
2021年05月09日,晴/多云,34℃/19℃,东北风1-2级/东北风1-2级,chongqing
2021年05月10日,小雨/多云,27℃/22℃,西风1-2级/西风1-2级,chongqing
2021年05月11日,多云/多云,29℃/21℃,西风1-2级/西风1-2级,chongqing
2021年05月12日,阴/小雨,29℃/20℃,西南风1-2级/西南风1-2级,chongqing
2021年05月13日,小雨/小雨,29℃/22℃,北风1-2级/北风1-2级,chongqing
2021年05月14日,阴/中雨,31℃/21℃,北风1-2级/北风1-2级,chongqing
2021年05月15日,小雨/阴,27℃/20℃,西北风1-2级/西北风1-2级,chongqing
2021年05月16日,小雨/多云,26℃/18℃,东北风1-2级/东北风1-2级,chongqing
2021年05月17日,小雨/小雨,26℃/20℃,西南风1-2级/西南风1-2级,chongqing
2021年05月18日,多云/小雨,27℃/20℃,东南风1-2级/东南风1-2级,chongqing
2021年05月19日,多云/多云,28℃/20℃,西南风1-2级/西南风1-2级,chongqing
2021年05月20日,阴/小雨,27℃/21℃,东北风1-2级/东北风1-2级,chongqing
2021年05月21日,阴/小雨,25℃/22℃,东北风1-2级/东北风1-2级,chongqing
2021年05月22日,小雨/阴,25℃/21℃,东北风1-2级/东北风1-2级,chongqing
2021年05月23日,阴/阴,24℃/19℃,西风1-2级/西风1-2级,chongqing
2021年05月24日,小雨/小雨,24℃/16℃,南风1-2级/南风1-2级,chongqing
2021年05月25日,小雨/中雨,22℃/18℃,北风1-2级/北风1-2级,chongqing
2021年05月26日,小雨/多云,24℃/18℃,西南风1-2级/西南风1-2级,chongqing
2021年05月27日,多云/小雨,27℃/19℃,东风1-2级/东风1-2级,chongqing
2021年05月28日,阴/小雨,25℃/20℃,东风1-2级/东风1-2级,chongqing
2021年05月29日,小雨/小雨,25℃/20℃,西南风1-2级/西南风1-2级,chongqing
2021年05月30日,多云/多云,27℃/20℃,南风1-2级/南风1-2级,chongqing
2021年05月31日,多云/多云,30℃/22℃,南风1-2级/南风1-2级,chongqing
2021年06月01日,多云/多云,32℃/23℃,南风1-2级/南风1-2级,chongqing
2021年06月02日,小雨/小雨,31℃/23℃,东北风1-2级/东北风1-2级,chongqing
2021年06月03日,小雨/小雨,23℃/20℃,东北风1-2级/东北风1-2级,chongqing
2021年06月04日,多云/晴,29℃/19℃,南风1-2级/南风1-2级,chongqing
2021年06月04日,多云/晴,29℃/19℃,南风1-2级/南风1-2级,chongqing
2021年06月04日,多云/晴,29℃/19℃,南风1-2级/南风1-2级,chongqing
2021年06月05日,晴/多云,32℃/20℃,东南风1-2级/东南风1-2级,chongqing
2021年06月06日,多云/多云,34℃/21℃,东北风1-2级/东北风1-2级,chongqing
2021年06月07日,阴/多云,30℃/22℃,西南风1-2级/西南风1-2级,chongqing
2021年06月08日,阴/小雨,30℃/22℃,西北风1-2级/西北风1-2级,chongqing
2021年06月09日,小雨/小雨,23℃/21℃,西北风1-2级/西北风1-2级,chongqing
2021年06月10日,多云/多云,27℃/20℃,东南风1-2级/东南风1-2级,chongqing
2021年06月11日,多云/小雨,30℃/21℃,西风1-2级/西风1-2级,chongqing
2021年06月12日,小雨/阴,31℃/24℃,东北风1-2级/东北风1-2级,chongqing
2021年06月13日,多云/阴,36℃/27℃,南风1-2级/南风1-2级,chongqing
2021年06月14日,多云/多云,36℃/28℃,东南风1-2级/东南风1-2级,chongqing
2021年06月15日,多云/阴,35℃/26℃,西北风1-2级/西北风1-2级,chongqing
2021年06月16日,小雨/中雨,35℃/25℃,南风1-2级/南风1-2级,chongqing
2021年06月17日,阴/小雨,32℃/25℃,西南风1-2级/西南风1-2级,chongqing
2021年06月18日,阴/阴,27℃/20℃,西风1-2级/西风1-2级,chongqing
2021年06月19日,阴/阴,27℃/22℃,北风1-2级/北风1-2级,chongqing
2021年06月20日,阴/阴,29℃/23℃,西北风1-2级/西北风1-2级,chongqing
2021年06月21日,多云/多云,30℃/24℃,西南风1-2级/西南风1-2级,chongqing
2021年06月22日,多云/晴,31℃/24℃,东风1-2级/东风1-2级,chongqing
2021年06月23日,多云/阴,33℃/24℃,南风1-2级/南风1-2级,chongqing
2021年06月24日,小雨/小雨,33℃/26℃,西风1-2级/西风1-2级,chongqing
2021年06月25日,小雨/小雨,29℃/24℃,西风1-2级/西风1-2级,chongqing
2021年06月26日,多云/中雨,30℃/24℃,北风1-2级/北风1-2级,chongqing
2021年06月27日,小雨/小雨,31℃/24℃,东南风1-2级/东南风1-2级,chongqing
2021年06月28日,小雨/小雨,31℃/25℃,东风1-2级/东风1-2级,chongqing
2021年06月29日,小雨/小雨,30℃/25℃,西北风1-2级/西北风1-2级,chongqing
2021年06月30日,小雨/小雨,32℃/24℃,北风1-2级/北风1-2级,chongqing
2021年07月01日,小雨/中雨,30℃/25℃,东北风1-2级/东北风1-2级,chongqing
2021年07月02日,小雨/小雨,28℃/23℃,西北风1-2级/西北风1-2级,chongqing
2021年07月03日,小雨/晴,31℃/24℃,东风1-2级/东风1-2级,chongqing
2021年07月04日,阴/大雨,32℃/25℃,西北风1-2级/西北风1-2级,chongqing
2021年07月05日,小雨/中雨,29℃/23℃,西风1-2级/西风1-2级,chongqing
2021年07月06日,小雨/小雨,29℃/24℃,西北风1-2级/西北风1-2级,chongqing
2021年07月07日,多云/小雨,31℃/25℃,西北风1-2级/西北风1-2级,chongqing
2021年07月08日,多云/阴,34℃/25℃,东北风1-2级/东北风1-2级,chongqing
2021年07月09日,多云/小雨,31℃/25℃,东北风1-2级/东北风1-2级,chongqing
2021年07月10日,多云/小雨,33℃/26℃,南风1-2级/南风1-2级,chongqing
2021年07月11日,小雨/中雨,29℃/25℃,东北风1-2级/东北风1-2级,chongqing
2021年07月12日,小雨/阴,32℃/24℃,东风1-2级/东风1-2级,chongqing
2021年07月13日,晴/多云,35℃/26℃,北风1-2级/北风1-2级,chongqing
2021年07月14日,晴/多云,37℃/27℃,东南风1-2级/东南风1-2级,chongqing
2021年07月15日,多云/小雨,37℃/30℃,东北风1-2级/东北风1-2级,chongqing
2021年07月16日,大雨/小雨,33℃/24℃,北风1-2级/北风1-2级,chongqing
2021年07月17日,小雨/小雨,30℃/24℃,东南风1-2级/东南风1-2级,chongqing
2021年07月18日,多云/小雨,34℃/24℃,南风1-2级/南风1-2级,chongqing
2021年07月19日,小雨/小雨,33℃/23℃,东南风1-2级/东南风1-2级,chongqing
2021年07月20日,小雨/小雨,33℃/26℃,西风1-2级/西风1-2级,chongqing
2021年07月21日,多云/小雨,34℃/26℃,东南风1-2级/东南风1-2级,chongqing
2021年07月22日,多云/小雨,35℃/25℃,东北风1-2级/东北风1-2级,chongqing
2021年07月23日,多云/小雨,36℃/27℃,东南风1-2级/东南风1-2级,chongqing
2021年07月24日,多云/晴,37℃/29℃,东风1-2级/东风1-2级,chongqing
2021年07月25日,晴/多云,33℃/27℃,东北风1-2级/东北风1-2级,chongqing
2021年07月26日,晴/小雨,35℃/26℃,西北风1-2级/西北风1-2级,chongqing
2021年07月27日,多云/多云,33℃/26℃,西南风1-2级/西南风1-2级,chongqing
2021年07月28日,多云/晴,35℃/26℃,西风1-2级/西风1-2级,chongqing
2021年07月29日,晴/多云,37℃/28℃,东北风1-2级/东北风1-2级,chongqing
2021年07月30日,多云/晴,38℃/28℃,东南风1-2级/东南风1-2级,chongqing
2021年07月31日,多云/晴,39℃/27℃,西南风1-2级/西南风1-2级,chongqing
2021年08月01日,晴/晴,39℃/27℃,东北风1-2级/东北风1-2级,chongqing
2021年08月02日,晴/晴,40℃/28℃,东南风1-2级/东南风1-2级,chongqing
2021年08月03日,晴/晴,40℃/29℃,东南风1-2级/东南风1-2级,chongqing
2021年08月04日,晴/晴,40℃/30℃,东南风1-2级/东南风1-2级,chongqing
2021年08月05日,多云/多云,39℃/30℃,北风1-2级/北风1-2级,chongqing
2021年08月06日,多云/多云,38℃/28℃,东风1-2级/东风1-2级,chongqing
2021年08月07日,小雨/大雨,35℃/26℃,西风1-2级/西风1-2级,chongqing
2021年08月08日,暴雨/大雨,31℃/27℃,北风1-2级/北风1-2级,chongqing
2021年08月09日,小雨/阴,33℃/26℃,南风1-2级/南风1-2级,chongqing
2021年08月10日,小雨/小雨,32℃/26℃,东北风1-2级/东北风1-2级,chongqing
2021年08月11日,小雨/小雨,32℃/26℃,东北风1-2级/东北风1-2级,chongqing
2021年08月12日,小雨/中雨,33℃/26℃,北风1-2级/北风1-2级,chongqing
2021年08月13日,小雨/阴,28℃/24℃,西南风1-2级/西南风1-2级,chongqing
2021年08月14日,阴/阴,28℃/24℃,东北风1-2级/东北风1-2级,chongqing
2021年08月15日,阴/多云,29℃/23℃,东风1-2级/东风1-2级,chongqing
2021年08月16日,多云/多云,32℃/25℃,东风1-2级/东风1-2级,chongqing
2021年08月17日,小雨/小雨,34℃/27℃,西北风1-2级/西北风1-2级,chongqing
2021年08月18日,小雨/多云,34℃/26℃,南风1-2级/南风1-2级,chongqing
2021年08月19日,多云/多云,36℃/27℃,西南风1-2级/西南风1-2级,chongqing
2021年08月20日,多云/多云,36℃/28℃,西风1-2级/西风1-2级,chongqing
2021年08月21日,多云/多云,36℃/29℃,南风1-2级/南风1-2级,chongqing
2021年08月22日,小雨/小雨,36℃/25℃,西北风1-2级/西北风1-2级,chongqing
2021年08月23日,小雨/多云,30℃/25℃,西南风1-2级/西南风1-2级,chongqing
2021年08月24日,多云/阴,29℃/24℃,东北风1-2级/东北风1-2级,chongqing
2021年08月25日,小雨/暴雨,29℃/22℃,北风1-2级/北风1-2级,chongqing
2021年08月26日,小雨/中雨,23℃/19℃,西北风1-2级/西北风1-2级,chongqing
2021年08月27日,小雨/中雨,23℃/19℃,东北风1-2级/东北风1-2级,chongqing
2021年08月28日,中雨/中雨,24℃/20℃,西风1-2级/西风1-2级,chongqing
2021年08月29日,小雨/小雨,25℃/20℃,东南风1-2级/东南风1-2级,chongqing
2021年08月30日,多云/多云,30℃/21℃,北风1-2级/北风1-2级,chongqing
2021年08月31日,阴/小雨,33℃/24℃,西风1-2级/西风1-2级,chongqing
2021年09月01日,多云/多云,32℃/25℃,东风1-2级/东风1-2级,chongqing
2021年09月02日,多云/多云,33℃/25℃,东北风1-2级/东北风1-2级,chongqing
2021年09月03日,多云/多云,36℃/26℃,南风1-2级/南风1-2级,chongqing
2021年09月04日,小雨/小雨,33℃/24℃,西南风1-2级/西南风1-2级,chongqing
2021年09月05日,多云/大雨,31℃/24℃,西南风1-2级/西南风1-2级,chongqing
2021年09月06日,中雨/阴,27℃/22℃,西北风1-2级/西北风1-2级,chongqing
2021年09月07日,多云/多云,27℃/21℃,东南风1-2级/东南风1-2级,chongqing
2021年09月08日,多云/阴,30℃/22℃,北风1-2级/北风1-2级,chongqing
2021年09月09日,小雨/多云,29℃/22℃,东北风1-2级/东北风1-2级,chongqing
2021年09月10日,多云/小雨,30℃/22℃,东北风1-2级/东北风1-2级,chongqing
2021年09月11日,小雨/大雨,29℃/23℃,东北风1-2级/东北风1-2级,chongqing
2021年09月12日,小雨/中雨,28℃/22℃,东北风1-2级/东北风1-2级,chongqing
2021年09月13日,多云/多云,30℃/24℃,东风1-2级/东风1-2级,chongqing
2021年09月14日,多云/多云,33℃/25℃,东北风1-2级/东北风1-2级,chongqing
2021年09月15日,多云/中雨,32℃/25℃,东南风1-2级/东南风1-2级,chongqing
2021年09月16日,中雨/小雨,27℃/23℃,西南风1-2级/西南风1-2级,chongqing
2021年09月17日,多云/小雨,28℃/22℃,北风1-2级/北风1-2级,chongqing
2021年09月18日,中雨/暴雨,26℃/21℃,西北风1-2级/西北风1-2级,chongqing
2021年09月19日,小雨/多云,25℃/18℃,南风1-2级/南风1-2级,chongqing
2021年09月20日,多云/晴,30℃/19℃,东北风1-2级/东北风1-2级,chongqing
2021年09月21日,晴/晴,32℃/21℃,东北风1-2级/东北风1-2级,chongqing
2021年09月22日,晴/多云,34℃/23℃,东南风1-2级/东南风1-2级,chongqing
2021年09月23日,晴/多云,34℃/25℃,南风1-2级/南风1-2级,chongqing
2021年09月24日,多云/多云,36℃/25℃,南风1-2级/南风1-2级,chongqing
2021年09月25日,晴/多云,36℃/29℃,南风1-2级/南风1-2级,chongqing
2021年09月26日,多云/小雨,34℃/25℃,北风1-2级/北风1-2级,chongqing
2021年09月27日,多云/小雨,28℃/22℃,西南风1-2级/西南风1-2级,chongqing
2021年09月28日,小雨/晴,27℃/20℃,西风1-2级/西风1-2级,chongqing
2021年09月29日,晴/晴,29℃/20℃,东北风1-2级/东北风1-2级,chongqing
2021年09月30日,晴/晴,31℃/21℃,北风1-2级/北风1-2级,chongqing
2021年10月01日,晴/晴,34℃/24℃,北风1-2级/北风1-2级,chongqing
2021年10月02日,晴/晴,34℃/25℃,东北风1-2级/东北风1-2级,chongqing
2021年10月03日,晴/多云,37℃/26℃,东南风1-2级/东南风1-2级,chongqing
2021年10月04日,多云/多云,35℃/24℃,南风1-2级/南风1-2级,chongqing
2021年10月05日,晴/晴,32℃/23℃,西北风1-2级/西北风1-2级,chongqing
2021年10月06日,阴/小雨,26℃/20℃,西风1-2级/西风1-2级,chongqing
2021年10月07日,小雨/小雨,21℃/19℃,西风1-2级/西风1-2级,chongqing
2021年10月08日,阴/阴,25℃/19℃,北风1-2级/北风1-2级,chongqing
2021年10月09日,多云/小雨,28℃/17℃,西北风1-2级/西北风1-2级,chongqing
2021年10月10日,小雨/小雨,19℃/15℃,西风1-2级/西风1-2级,chongqing
2021年10月11日,小雨/多云,18℃/14℃,西南风1-2级/西南风1-2级,chongqing
2021年10月12日,多云/多云,22℃/16℃,北风1-2级/北风1-2级,chongqing
2021年10月13日,阴/阴,22℃/18℃,西南风1-2级/西南风1-2级,chongqing
2021年10月14日,小雨/小雨,22℃/15℃,西北风1-2级/西北风1-2级,chongqing
2021年10月15日,小雨/小雨,15℃/13℃,西北风1-2级/西北风1-2级,chongqing
2021年10月16日,小雨/小雨,15℃/14℃,西北风1-2级/西北风1-2级,chongqing
2021年10月17日,小雨/阴,18℃/14℃,东南风1-2级/东南风1-2级,chongqing
2021年10月18日,阴/阴,18℃/14℃,东北风1-2级/东北风1-2级,chongqing
2021年10月19日,小雨/小雨,17℃/15℃,北风1-2级/北风1-2级,chongqing
2021年10月20日,小雨/小雨,16℃/14℃,东北风1-2级/东北风1-2级,chongqing
2021年10月21日,阴/小雨,15℃/13℃,西北风1-2级/西北风1-2级,chongqing
2021年10月22日,小雨/多云,17℃/12℃,西南风1-2级/西南风1-2级,chongqing
2021年10月23日,多云/多云,21℃/12℃,东北风1-2级/东北风1-2级,chongqing
2021年10月24日,多云/阴,22℃/13℃,南风1-2级/南风1-2级,chongqing
2021年10月25日,多云/小雨,20℃/15℃,东北风1-2级/东北风1-2级,chongqing
2021年10月26日,小雨/小雨,18℃/15℃,西风1-2级/西风1-2级,chongqing
2021年10月27日,小雨/小雨,18℃/15℃,东风1-2级/东风1-2级,chongqing
2021年10月28日,小雨/小雨,17℃/15℃,东北风1-2级/东北风1-2级,chongqing
2021年10月29日,小雨/阴,19℃/14℃,西南风1-2级/西南风1-2级,chongqing
2021年10月30日,阴/小雨,19℃/14℃,东北风1-2级/东北风1-2级,chongqing
2021年10月31日,小雨/小雨,20℃/15℃,西北风1-2级/西北风1-2级,chongqing
2021年11月01日,小雨/小雨,18℃/15℃,西南风1-2级/西南风1-2级,chongqing
2021年11月02日,小雨/小雨,17℃/15℃,西北风1-2级/西北风1-2级,chongqing
2021年11月03日,小雨/小雨,17℃/15℃,东北风1-2级/东北风1-2级,chongqing
2021年11月04日,阴/阴,19℃/16℃,北风1-2级/北风1-2级,chongqing
2021年11月05日,多云/多云,20℃/15℃,东风1-2级/东风1-2级,chongqing
2021年11月06日,小雨/小雨,20℃/10℃,西北风1-2级/西北风1-2级,chongqing
2021年11月07日,小雨/阴,12℃/9℃,西北风1-2级/西北风1-2级,chongqing
2021年11月08日,多云/多云,12℃/8℃,东北风1-2级/东北风1-2级,chongqing
2021年11月09日,多云/晴,11℃/7℃,南风1-2级/南风1-2级,chongqing
2021年11月10日,多云/阴,15℃/7℃,东北风1-2级/东北风1-2级,chongqing
2021年11月11日,阴/阴,12℃/9℃,西南风1-2级/西南风1-2级,chongqing
2021年11月12日,阴/多云,13℃/8℃,西南风1-2级/西南风1-2级,chongqing
2021年11月13日,阴/多云,14℃/8℃,东北风1-2级/东北风1-2级,chongqing
2021年11月14日,阴/阴,15℃/8℃,西北风1-2级/西北风1-2级,chongqing
2021年11月15日,阴/小雨,13℃/9℃,西北风1-2级/西北风1-2级,chongqing
2021年11月16日,小雨/小雨,12℃/10℃,西北风1-2级/西北风1-2级,chongqing
2021年11月17日,多云/多云,14℃/10℃,西风1-2级/西风1-2级,chongqing
2021年11月18日,晴/阴,16℃/8℃,北风1-2级/北风1-2级,chongqing
2021年11月19日,阴/小雨,14℃/10℃,东北风1-2级/东北风1-2级,chongqing
2021年11月20日,小雨/小雨,13℃/12℃,西北风1-2级/西北风1-2级,chongqing
2021年11月21日,中雨/小雨,12℃/9℃,西北风1-2级/西北风1-2级,chongqing
2021年11月22日,阴/小雨,12℃/9℃,西南风1-2级/西南风1-2级,chongqing
2021年11月23日,多云/阴,14℃/9℃,西风1-2级/西风1-2级,chongqing
2021年11月24日,晴/阴,15℃/8℃,东北风1-2级/东北风1-2级,chongqing
2021年11月25日,多云/多云,16℃/7℃,北风1-2级/北风1-2级,chongqing
2021年11月26日,阴/阴,15℃/9℃,西北风1-2级/西北风1-2级,chongqing
2021年11月27日,阴/阴,17℃/11℃,东北风1-2级/东北风1-2级,chongqing
2021年11月28日,多云/小雨,15℃/11℃,北风1-2级/北风1-2级,chongqing
2021年11月29日,小雨/晴,13℃/8℃,西风1-2级/西风1-2级,chongqing
2021年11月30日,晴/多云,15℃/7℃,东风1-2级/东风1-2级,chongqing
2021年12月01日,阴/阴,15℃/8℃,西南风1-2级/西南风1-2级,chongqing
2021年12月02日,多云/多云,16℃/8℃,西南风1-2级/西南风1-2级,chongqing
2021年12月03日,多云/多云,17℃/7℃,东北风1-2级/东北风1-2级,chongqing
2021年12月04日,阴/多云,17℃/10℃,东北风1-2级/东北风1-2级,chongqing
2021年12月05日,晴/晴,17℃/11℃,东北风1-2级/东北风1-2级,chongqing
2021年12月06日,多云/阴,18℃/10℃,西北风1-2级/西北风1-2级,chongqing
2021年12月07日,阴/阴,14℃/11℃,东北风1-2级/东北风1-2级,chongqing
2021年12月08日,阴/阴,12℃/11℃,东北风1-2级/东北风1-2级,chongqing
2021年12月09日,阴/阴,14℃/11℃,东北风1-2级/东北风1-2级,chongqing
2021年12月10日,小雨/小雨,13℃/11℃,北风1-2级/北风1-2级,chongqing
2021年12月11日,小雨/小雨,12℃/9℃,西北风1-2级/西北风1-2级,chongqing
2021年12月12日,阴/阴,12℃/10℃,西北风1-2级/西北风1-2级,chongqing
2021年12月13日,多云/阴,15℃/9℃,东北风1-2级/东北风1-2级,chongqing
2021年12月14日,多云/阴,14℃/11℃,东北风1-2级/东北风1-2级,chongqing
2021年12月15日,小雨/小雨,13℃/11℃,西北风1-2级/西北风1-2级,chongqing
2021年12月16日,阴/小雨,12℃/9℃,西风1-2级/西风1-2级,chongqing
2021年12月17日,小雨/阴,10℃/9℃,东北风1-2级/东北风1-2级,chongqing
2021年12月18日,阴/阴,10℃/8℃,西风1-2级/西风1-2级,chongqing
2021年12月19日,阴/阴,11℃/7℃,东北风1-2级/东北风1-2级,chongqing
2021年12月20日,多云/晴,13℃/7℃,东风1-2级/东风1-2级,chongqing
2021年12月21日,多云/多云,13℃/7℃,东北风1-2级/东北风1-2级,chongqing
2021年12月22日,晴/多云,15℃/8℃,西北风1-2级/西北风1-2级,chongqing
2021年12月23日,阴/小雨,12℃/7℃,西北风1-2级/西北风1-2级,chongqing
2021年12月24日,阴/阴,13℃/8℃,东风1-2级/东风1-2级,chongqing
2021年12月25日,小雨/小雨,9℃/6℃,东北风1-2级/东北风1-2级,chongqing
2021年12月26日,小雨/小雨,7℃/6℃,东北风1-2级/东北风1-2级,chongqing
2021年12月27日,小雨/阴,7℃/4℃,东风1-2级/东风1-2级,chongqing
2021年12月28日,阴/阴,8℃/5℃,东北风1-2级/东北风1-2级,chongqing
2021年12月29日,阴/阴,9℃/5℃,西北风1-2级/西北风1-2级,chongqing
2021年12月30日,阴/阴,10℃/7℃,北风1-2级/北风1-2级,chongqing
2021年12月31日,阴/阴,9℃/6℃,北风1-2级/北风1-2级,chongqing
2022年01月01日,多云/多云,12℃/6℃,东南风1-2级/东南风1-2级,chongqing
2022年01月02日,多云/多云,12℃/5℃,北风1-2级/北风1-2级,chongqing
2022年01月03日,阴/小雨,10℃/8℃,东风1-2级/东风1-2级,chongqing
2022年01月04日,小雨/阴,10℃/6℃,东南风1-2级/东南风1-2级,chongqing
2022年01月05日,多云/小雨,13℃/6℃,北风1-2级/北风1-2级,chongqing
2022年01月06日,小雨/小雨,11℃/9℃,东南风1-2级/东南风1-2级,chongqing
2022年01月07日,小雨/阴,10℃/8℃,东风1-2级/东风1-2级,chongqing
2022年01月08日,阴/多云,12℃/7℃,东风1-2级/东风1-2级,chongqing
2022年01月09日,多云/小雨,14℃/6℃,东风1-2级/东风1-2级,chongqing
2022年01月10日,小雨/阴,12℃/7℃,西北风1-2级/西北风1-2级,chongqing
2022年01月11日,阴/阴,14℃/9℃,东南风1-2级/东南风1-2级,chongqing
2022年01月12日,阴/小雨,11℃/9℃,东北风1-2级/东北风1-2级,chongqing
2022年01月13日,小雨/小雨,10℃/8℃,南风1-2级/南风1-2级,chongqing
2022年01月14日,阴/阴,12℃/7℃,东风1-2级/东风1-2级,chongqing
2022年01月15日,多云/阴,12℃/8℃,北风1-2级/北风1-2级,chongqing
2022年01月16日,阴/阴,12℃/8℃,南风1-2级/南风1-2级,chongqing
2022年01月17日,阴/晴,13℃/5℃,东北风1-2级/东北风1-2级,chongqing
2022年01月18日,多云/多云,16℃/5℃,东北风1-2级/东北风1-2级,chongqing
2022年01月19日,多云/阴,17℃/6℃,北风1-2级/北风1-2级,chongqing
2022年01月20日,小雨/小雨,12℃/10℃,东北风1-2级/东北风1-2级,chongqing
2022年01月21日,小雨/小雨,11℃/9℃,东风1-2级/东风1-2级,chongqing
2022年01月22日,阴/小雨,12℃/9℃,北风1-2级/北风1-2级,chongqing
2022年01月23日,小雨/小雨,11℃/9℃,北风1-2级/北风1-2级,chongqing
2022年01月24日,阴/小雨,11℃/9℃,东北风1-2级/东北风1-2级,chongqing
2022年01月25日,小雨/小雨,11℃/8℃,东风1-2级/东风1-2级,chongqing
2022年01月26日,阴/小雨,10℃/8℃,东北风1-2级/东北风1-2级,chongqing
2022年01月27日,小雨/小雨,10℃/7℃,东北风1-2级/东北风1-2级,chongqing
2022年01月28日,小雨/小雨,8℃/6℃,北风1-2级/北风1-2级,chongqing
2022年01月29日,小雨/多云,8℃/4℃,西北风1-2级/西北风1-2级,chongqing
2022年01月30日,阴/小雨,11℃/5℃,西北风1-2级/西北风1-2级,chongqing
2022年01月31日,小雨/阴,10℃/5℃,东北风1-2级/东北风1-2级,chongqing
2022年02月01日,小雨/小雨,8℃/6℃,东北风1-2级/东北风1-2级,chongqing
2022年02月02日,小雨/小雨,8℃/5℃,东北风1-2级/东北风1-2级,chongqing
2022年02月03日,多云/阴,10℃/4℃,东北风1-2级/东北风1-2级,chongqing
2022年02月04日,多云/阴,11℃/6℃,东北风1-2级/东北风1-2级,chongqing
2022年02月05日,阴/小雨,11℃/7℃,东风1-2级/东风1-2级,chongqing
2022年02月06日,小雨/小雨,8℃/6℃,东北风1-2级/东北风1-2级,chongqing
2022年02月07日,阴/小雨,8℃/5℃,北风1-2级/北风1-2级,chongqing
2022年02月08日,小雨/小雨,8℃/6℃,东风1-2级/东风1-2级,chongqing
2022年02月09日,小雨/阴,9℃/5℃,北风1-2级/北风1-2级,chongqing
2022年02月10日,阴/小雨,9℃/7℃,北风1-2级/北风1-2级,chongqing
2022年02月11日,阴/小雨,10℃/7℃,西南风1-2级/西南风1-2级,chongqing
2022年02月12日,阴/阴,9℃/7℃,北风1-2级/北风1-2级,chongqing
2022年02月13日,多云/多云,14℃/6℃,东风1-2级/东风1-2级,chongqing
2022年02月14日,多云/多云,17℃/6℃,北风1-2级/北风1-2级,chongqing
2022年02月15日,多云/阴,17℃/10℃,东风1-2级/东风1-2级,chongqing
2022年02月16日,阴/小雨,14℃/10℃,东北风1-2级/东北风1-2级,chongqing
2022年02月17日,小雨/小雨,12℃/8℃,东北风1-2级/东北风1-2级,chongqing
2022年02月18日,阴/小雨,10℃/8℃,东北风1-2级/东北风1-2级,chongqing
2022年02月19日,小雨/小雨,7℃/5℃,北风1-2级/北风1-2级,chongqing
2022年02月20日,阴/阴,8℃/5℃,北风1-2级/北风1-2级,chongqing
2022年02月21日,阴/小雨,10℃/6℃,东风1-2级/东风1-2级,chongqing
2022年02月22日,小雨/多云,9℃/3℃,东南风1-2级/东南风1-2级,chongqing
2022年02月23日,晴/阴,12℃/3℃,东北风1-2级/东北风1-2级,chongqing
2022年02月24日,多云/阴,14℃/7℃,北风1-2级/北风1-2级,chongqing
2022年02月25日,多云/阴,14℃/7℃,东北风1-2级/东北风1-2级,chongqing
2022年02月26日,多云/多云,15℃/8℃,南风1-2级/南风1-2级,chongqing
2022年02月27日,多云/阴,18℃/7℃,北风1-2级/北风1-2级,chongqing
2022年02月28日,阴/小雨,17℃/11℃,西南风1-2级/西南风1-2级,chongqing
2022年03月01日,多云/多云,18℃/11℃,南风1-2级/南风1-2级,chongqing
2022年03月02日,阴/阴,19℃/11℃,东北风1-2级/东北风1-2级,chongqing
2022年03月03日,阴/多云,19℃/10℃,东北风1-2级/东北风1-2级,chongqing
2022年03月04日,阴/多云,19℃/10℃,西风1-2级/西风1-2级,chongqing
2022年03月05日,阴/小雨,20℃/11℃,东风1-2级/东风1-2级,chongqing
2022年03月06日,多云/晴,19℃/10℃,西北风1-2级/西北风1-2级,chongqing
2022年03月07日,晴/晴,23℃/10℃,东风1-2级/东风1-2级,chongqing
2022年03月08日,晴/多云,25℃/12℃,南风1-2级/南风1-2级,chongqing
2022年03月09日,多云/多云,26℃/14℃,西南风1-2级/西南风1-2级,chongqing
2022年03月10日,晴/晴,27℃/14℃,西南风1-2级/西南风1-2级,chongqing
2022年03月11日,多云/阴,29℃/16℃,东南风1-2级/东南风1-2级,chongqing
2022年03月12日,多云/阴,29℃/18℃,南风1-2级/南风1-2级,chongqing
2022年03月13日,多云/多云,30℃/18℃,东南风1-2级/东南风1-2级,chongqing
2022年03月14日,多云/晴,29℃/19℃,西北风1-2级/西北风1-2级,chongqing
2022年03月15日,多云/雷阵雨,32℃/20℃,东风1-2级/东风1-2级,chongqing
2022年03月16日,小雨/多云,25℃/20℃,东南风1-2级/东南风1-2级,chongqing
2022年03月17日,多云/晴,28℃/18℃,南风1-2级/南风1-2级,chongqing
2022年03月18日,晴/晴,31℃/17℃,东风1-2级/东风1-2级,chongqing
2022年03月19日,晴/小雨,32℃/20℃,东风1-2级/东风1-2级,chongqing
2022年03月20日,阴/小雨,24℃/15℃,西北风1-2级/西北风1-2级,chongqing
2022年03月21日,阴/小雨,16℃/12℃,西北风1-2级/西北风1-2级,chongqing
2022年03月22日,小雨/阴,14℃/11℃,西北风1-2级/西北风1-2级,chongqing
2022年03月23日,阴/多云,19℃/12℃,南风1-2级/南风1-2级,chongqing
2022年03月24日,阴/小雨,22℃/12℃,北风1-2级/北风1-2级,chongqing
2022年03月25日,阴/小雨,21℃/13℃,北风1-2级/北风1-2级,chongqing
2022年03月26日,小雨/中雨,15℃/13℃,西北风1-2级/西北风1-2级,chongqing
2022年03月27日,小雨/多云,17℃/11℃,西南风1-2级/西南风1-2级,chongqing
2022年03月28日,多云/多云,24℃/11℃,东风1-2级/东风1-2级,chongqing
2022年03月29日,多云/小雨,24℃/15℃,西南风1-2级/西南风1-2级,chongqing
2022年03月30日,小雨/中雨,20℃/15℃,东风1-2级/东风1-2级,chongqing
2022年03月31日,中雨/中雨,15℃/12℃,西北风1-2级/西北风1-2级,chongqing
2022年04月01日,小雨/小雨,14℃/12℃,东风1-2级/东风1-2级,chongqing
2022年04月02日,小雨/晴,17℃/10℃,西南风1-2级/西南风1-2级,chongqing
2022年04月03日,阴/阴,24℃/11℃,东风1-2级/东风1-2级,chongqing
2022年04月04日,小雨/小雨,17℃/14℃,东北风1-2级/东北风1-2级,chongqing
2022年04月05日,阴/多云,21℃/13℃,东风1-2级/东风1-2级,chongqing
2022年04月06日,阴/多云,21℃/12℃,北风1-2级/北风1-2级,chongqing
2022年04月07日,晴/多云,27℃/12℃,东北风1-2级/东北风1-2级,chongqing
2022年04月08日,阴/阴,29℃/15℃,北风1-2级/北风1-2级,chongqing
2022年04月09日,多云/晴,28℃/17℃,南风1-2级/南风1-2级,chongqing
2022年04月10日,晴/多云,30℃/17℃,东风1-2级/东风1-2级,chongqing
2022年04月11日,小雨/暴雨,33℃/18℃,北风1-2级/北风1-2级,chongqing
2022年04月12日,小雨/晴,24℃/14℃,北风1-2级/北风1-2级,chongqing
2022年04月13日,多云/小雨,25℃/15℃,东北风1-2级/东北风1-2级,chongqing
2022年04月14日,小雨/中雨,20℃/15℃,东风1-2级/东风1-2级,chongqing
2022年04月15日,小雨/小雨,15℃/12℃,东北风1-2级/东北风1-2级,chongqing
2022年04月16日,小雨/小雨,13℃/11℃,东南风1-2级/东南风1-2级,chongqing
2022年04月17日,小雨/小雨,14℃/11℃,北风1-2级/北风1-2级,chongqing
2022年04月18日,阴/多云,20℃/12℃,北风1-2级/北风1-2级,chongqing
2022年04月19日,多云/多云,22℃/14℃,东北风1-2级/东北风1-2级,chongqing
2022年04月20日,晴/晴,26℃/15℃,东北风1-2级/东北风1-2级,chongqing
2022年04月21日,多云/晴,29℃/17℃,东北风1-2级/东北风1-2级,chongqing
2022年04月22日,小雨/小雨,28℃/18℃,西北风1-2级/西北风1-2级,chongqing
2022年04月23日,多云/中雨,30℃/20℃,东风1-2级/东风1-2级,chongqing
2022年04月24日,小雨/多云,26℃/18℃,西北风1-2级/西北风1-2级,chongqing
2022年04月25日,多云/阴,27℃/20℃,西南风1-2级/西南风1-2级,chongqing
2022年04月26日,多云/多云,30℃/19℃,南风1-2级/南风1-2级,chongqing
2022年04月27日,多云/大雨,30℃/19℃,东风1-2级/东风1-2级,chongqing
2022年04月28日,小雨/多云,25℃/17℃,西北风1-2级/西北风1-2级,chongqing
2022年04月29日,阴/中雨,27℃/17℃,东风1-2级/东风1-2级,chongqing
2022年04月30日,小雨/中雨,19℃/15℃,北风1-2级/北风1-2级,chongqing
2022年05月01日,小雨/晴,17℃/12℃,西北风1-2级/西北风1-2级,chongqing
2022年05月02日,多云/多云,23℃/13℃,西南风1-2级/西南风1-2级,chongqing
2022年05月03日,多云/多云,26℃/14℃,东风1-2级/东风1-2级,chongqing
2022年05月04日,多云/多云,30℃/16℃,北风1-2级/北风1-2级,chongqing
2022年05月05日,晴/晴,32℃/19℃,东北风1-2级/东北风1-2级,chongqing
2022年05月06日,阴/阴,33℃/20℃,东南风1-2级/东南风1-2级,chongqing
2022年05月07日,多云/多云,31℃/21℃,东风1-2级/东风1-2级,chongqing
2022年05月08日,多云/中雨,32℃/21℃,东风1-2级/东风1-2级,chongqing
2022年05月09日,大雨/小雨,25℃/19℃,东北风1-2级/东北风1-2级,chongqing
2022年05月10日,多云/阴,29℃/19℃,东北风1-2级/东北风1-2级,chongqing
2022年05月11日,小雨/阴,25℃/20℃,东北风1-2级/东北风1-2级,chongqing
2022年05月12日,阴/多云,28℃/19℃,东北风1-2级/东北风1-2级,chongqing
2022年05月13日,多云/小雨,30℃/18℃,东南风1-2级/东南风1-2级,chongqing
2022年05月14日,中雨/中雨,19℃/17℃,东北风1-2级/东北风1-2级,chongqing
2022年05月15日,小雨/多云,17℃/13℃,北风1-2级/北风1-2级,chongqing
2022年05月16日,阴/多云,23℃/14℃,南风1-2级/南风1-2级,chongqing
2022年05月17日,小雨/中雨,24℃/18℃,西北风1-2级/西北风1-2级,chongqing
2022年05月18日,小雨/中雨,19℃/16℃,东北风1-2级/东北风1-2级,chongqing
2022年05月19日,阴/阴,22℃/16℃,西南风1-2级/西南风1-2级,chongqing
2022年05月20日,多云/多云,25℃/18℃,东北风1-2级/东北风1-2级,chongqing
2022年05月21日,阴/小雨,24℃/20℃,东北风1-2级/东北风1-2级,chongqing
2022年05月22日,小雨/多云,24℃/17℃,北风1-2级/北风1-2级,chongqing
2022年05月23日,多云/多云,28℃/19℃,东风1-2级/东风1-2级,chongqing
2022年05月24日,多云/多云,31℃/20℃,东北风1-2级/东北风1-2级,chongqing
2022年05月25日,多云/大雨,31℃/23℃,北风1-2级/北风1-2级,chongqing
2022年05月26日,小雨/小雨,26℃/22℃,东风1-2级/东风1-2级,chongqing
2022年05月27日,小雨/小雨,23℃/20℃,东南风1-2级/东南风1-2级,chongqing
2022年05月28日,小雨/小雨,26℃/20℃,西南风1-2级/西南风1-2级,chongqing
2022年05月29日,小雨/多云,28℃/19℃,西北风1-2级/西北风1-2级,chongqing
2022年05月30日,小雨/多云,29℃/21℃,东北风1-2级/东北风1-2级,chongqing
2022年05月31日,多云/小雨,31℃/22℃,东北风1-2级/东北风1-2级,chongqing
2022年06月01日,阴/阴,30℃/23℃,西风1-2级/西风1-2级,chongqing
2022年06月02日,小雨/小雨,29℃/23℃,东北风1-2级/东北风1-2级,chongqing
2022年06月03日,小雨/小雨,29℃/24℃,西南风1-2级/西南风1-2级,chongqing
2022年06月04日,小雨/小雨,28℃/21℃,西北风1-2级/西北风1-2级,chongqing
2022年06月05日,多云/多云,29℃/21℃,西南风1-2级/西南风1-2级,chongqing
2022年06月06日,阴/多云,27℃/21℃,南风1-2级/南风1-2级,chongqing
2022年06月07日,多云/多云,32℃/22℃,东北风1-2级/东北风1-2级,chongqing
2022年06月08日,小雨/小雨,30℃/23℃,东北风1-2级/东北风1-2级,chongqing
2022年06月09日,小雨/小雨,26℃/22℃,北风1-2级/北风1-2级,chongqing
2022年06月10日,小雨/小雨,26℃/21℃,西南风1-2级/西南风1-2级,chongqing
2022年06月11日,小雨/小雨,25℃/22℃,南风1-2级/南风1-2级,chongqing
2022年06月12日,中雨/多云,24℃/21℃,东北风1-2级/东北风1-2级,chongqing
2022年06月13日,阴/多云,28℃/21℃,西南风1-2级/西南风1-2级,chongqing
2022年06月14日,多云/多云,31℃/22℃,东风1-2级/东风1-2级,chongqing
2022年06月15日,多云/多云,33℃/23℃,西南风1-2级/西南风1-2级,chongqing
2022年06月16日,阴/阴,31℃/24℃,南风1-2级/南风1-2级,chongqing
2022年06月17日,多云/阴,30℃/24℃,西南风1-2级/西南风1-2级,chongqing
2022年06月18日,多云/多云,31℃/23℃,西北风1-2级/西北风1-2级,chongqing
2022年06月19日,多云/多云,31℃/23℃,东南风1-2级/东南风1-2级,chongqing
2022年06月20日,多云/阴,33℃/25℃,东风1-2级/东风1-2级,chongqing
2022年06月21日,阴/阴,34℃/26℃,东南风1-2级/东南风1-2级,chongqing
2022年06月22日,雷阵雨/中雨,33℃/26℃,南风1-2级/南风1-2级,chongqing
2022年06月23日,中雨/小雨,30℃/24℃,西南风1-2级/西南风1-2级,chongqing
2022年06月24日,晴/晴,32℃/24℃,南风1-2级/南风1-2级,chongqing
2022年06月25日,多云/多云,36℃/27℃,东风1-2级/东风1-2级,chongqing
2022年06月26日,多云/大雨,36℃/25℃,南风1-2级/南风1-2级,chongqing
2022年06月27日,小雨/多云,29℃/23℃,西南风1-2级/西南风1-2级,chongqing
2022年06月28日,多云/多云,34℃/24℃,西北风1-2级/西北风1-2级,chongqing
2022年06月29日,晴/晴,36℃/25℃,南风1-2级/南风1-2级,chongqing
2022年06月30日,多云/多云,37℃/27℃,东风1-2级/东风1-2级,chongqing
2022年07月01日,小雨/中雨,33℃/25℃,东风1-2级/东风1-2级,chongqing
2022年07月02日,雷阵雨/中雨,32℃/25℃,西北风1-2级/西北风1-2级,chongqing
2022年07月03日,小雨/多云,32℃/25℃,东北风1-2级/东北风1-2级,chongqing
2022年07月04日,多云/多云,34℃/26℃,北风1-2级/北风1-2级,chongqing
2022年07月05日,晴/晴,36℃/27℃,西北风1-2级/西北风1-2级,chongqing
2022年07月06日,晴/晴,39℃/29℃,西南风1-2级/西南风1-2级,chongqing
2022年07月07日,晴/晴,39℃/27℃,东南风1-2级/东南风1-2级,chongqing
2022年07月08日,晴/晴,39℃/28℃,东南风1-2级/东南风1-2级,chongqing
2022年07月09日,晴/晴,39℃/29℃,东南风1-2级/东南风1-2级,chongqing
2022年07月10日,晴/晴,39℃/31℃,东南风1-2级/东南风1-2级,chongqing
2022年07月11日,晴/多云,40℃/32℃,东南风3-4级/东南风3-4级,chongqing
2022年07月12日,晴/多云,40℃/32℃,东南风1-2级/东南风1-2级,chongqing
2022年07月13日,多云/多云,40℃/33℃,东南风1-2级/东南风1-2级,chongqing
2022年07月14日,晴/晴,41℃/33℃,东南风1-2级/东南风1-2级,chongqing
2022年07月15日,晴/晴,40℃/34℃,东南风1-2级/东南风1-2级,chongqing
2022年07月16日,多云/小雨,39℃/31℃,南风1-2级/南风1-2级,chongqing
2022年07月17日,中雨/中雨,36℃/30℃,西风1-2级/西风1-2级,chongqing
2022年07月18日,中雨/中雨,33℃/27℃,西南风1-2级/西南风1-2级,chongqing
2022年07月19日,小雨/阴,31℃/25℃,西北风1-2级/西北风1-2级,chongqing
2022年07月20日,阴/阴,30℃/24℃,西南风1-2级/西南风1-2级,chongqing
2022年07月21日,多云/阴,34℃/26℃,东北风1-2级/东北风1-2级,chongqing
2022年07月22日,阴/多云,30℃/25℃,西风1-2级/西风1-2级,chongqing
2022年07月23日,多云/多云,31℃/23℃,东北风1-2级/东北风1-2级,chongqing
2022年07月24日,晴/小雨,34℃/25℃,东风1-2级/东风1-2级,chongqing
2022年07月25日,多云/多云,36℃/26℃,东北风1-2级/东北风1-2级,chongqing
2022年07月26日,多云/小雨,39℃/26℃,东南风1-2级/东南风1-2级,chongqing
2022年07月27日,大雨/中雨,33℃/27℃,东风1-2级/东风1-2级,chongqing
2022年07月28日,多云/多云,35℃/26℃,东南风1-2级/东南风1-2级,chongqing
2022年07月29日,晴/晴,37℃/27℃,东风1-2级/东风1-2级,chongqing
2022年07月30日,多云/多云,38℃/29℃,东南风1-2级/东南风1-2级,chongqing
2022年07月31日,晴/晴,39℃/29℃,东南风1-2级/东南风1-2级,chongqing
2022年08月01日,晴/晴,40℃/30℃,东南风1-2级/东南风1-2级,chongqing
2022年08月02日,多云/多云,40℃/30℃,南风1-2级/南风1-2级,chongqing
2022年08月03日,多云/多云,39℃/28℃,南风1-2级/南风1-2级,chongqing
2022年08月04日,多云/多云,40℃/30℃,东南风1-2级/东南风1-2级,chongqing
2022年08月05日,多云/晴,40℃/29℃,南风1-2级/南风1-2级,chongqing
2022年08月06日,多云/晴,39℃/27℃,东南风1-2级/东南风1-2级,chongqing
2022年08月07日,多云/多云,40℃/31℃,东南风1-2级/东南风1-2级,chongqing
2022年08月08日,晴/晴,40℃/31℃,东南风1-2级/东南风1-2级,chongqing
2022年08月09日,晴/晴,40℃/33℃,东南风1-2级/东南风1-2级,chongqing
2022年08月10日,晴/晴,41℃/33℃,东南风1-2级/东南风1-2级,chongqing
2022年08月11日,多云/多云,41℃/33℃,东南风1-2级/东南风1-2级,chongqing
2022年08月12日,晴/晴,41℃/32℃,东南风1-2级/东南风1-2级,chongqing
2022年08月13日,晴/晴,41℃/33℃,东南风1-2级/东南风1-2级,chongqing
2022年08月14日,多云/多云,42℃/33℃,东南风1-2级/东南风1-2级,chongqing
2022年08月15日,晴/多云,42℃/33℃,东风1-2级/东风1-2级,chongqing
2022年08月16日,多云/多云,42℃/33℃,东南风1-2级/东南风1-2级,chongqing
2022年08月17日,晴/晴,42℃/33℃,东南风1-2级/东南风1-2级,chongqing
2022年08月18日,晴/多云,43℃/34℃,南风1-2级/南风1-2级,chongqing
2022年08月19日,晴/晴,43℃/34℃,南风1-2级/南风1-2级,chongqing
2022年08月20日,多云/多云,43℃/34℃,南风1-2级/南风1-2级,chongqing
2022年08月21日,晴/多云,43℃/34℃,南风1-2级/南风1-2级,chongqing
2022年08月22日,晴/晴,42℃/33℃,东南风1-2级/东南风1-2级,chongqing
2022年08月23日,晴/晴,42℃/33℃,东南风1-2级/东南风1-2级,chongqing
2022年08月24日,晴/晴,42℃/34℃,东南风1-2级/东南风1-2级,chongqing
2022年08月25日,多云/多云,42℃/33℃,东风1-2级/东风1-2级,chongqing
2022年08月26日,多云/多云,42℃/34℃,东南风1-2级/东南风1-2级,chongqing
2022年08月27日,晴/多云,41℃/32℃,东南风1-2级/东南风1-2级,chongqing
2022年08月28日,晴/多云,40℃/31℃,西北风1-2级/西北风1-2级,chongqing
2022年08月29日,阴/小雨,33℃/27℃,西北风1-2级/西北风1-2级,chongqing
2022年08月30日,小雨/阴,25℃/21℃,西风1-2级/西风1-2级,chongqing
2022年08月31日,小雨/阴,27℃/20℃,北风1-2级/北风1-2级,chongqing
2022年09月01日,小雨/阴,27℃/19℃,北风1-2级/北风1-2级,chongqing
2022年09月02日,阴/小雨,27℃/21℃,西北风1-2级/西北风1-2级,chongqing
2022年09月03日,小雨/阴,23℃/19℃,北风1-2级/北风1-2级,chongqing
2022年09月04日,多云/多云,29℃/20℃,西北风1-2级/西北风1-2级,chongqing
2022年09月05日,多云/多云,34℃/22℃,北风1-2级/北风1-2级,chongqing
2022年09月06日,多云/多云,36℃/24℃,东风1-2级/东风1-2级,chongqing
2022年09月07日,多云/多云,36℃/26℃,东风1-2级/东风1-2级,chongqing
2022年09月08日,阴/小雨,31℃/24℃,西北风1-2级/西北风1-2级,chongqing
2022年09月09日,小雨/阴,25℃/22℃,东北风1-2级/东北风1-2级,chongqing
2022年09月10日,多云/多云,30℃/21℃,东南风1-2级/东南风1-2级,chongqing
2022年09月11日,晴/晴,34℃/22℃,东风1-2级/东风1-2级,chongqing
2022年09月12日,多云/多云,34℃/23℃,南风1-2级/南风1-2级,chongqing
2022年09月13日,晴/多云,34℃/25℃,东风1-2级/东风1-2级,chongqing
2022年09月14日,多云/小雨,35℃/26℃,东风1-2级/东风1-2级,chongqing
2022年09月15日,小雨/阴,27℃/23℃,东南风1-2级/东南风1-2级,chongqing
2022年09月16日,阴/小雨,30℃/23℃,北风1-2级/北风1-2级,chongqing
2022年09月17日,多云/阴,31℃/25℃,北风1-2级/北风1-2级,chongqing
2022年09月18日,阴/阴,32℃/25℃,北风1-2级/北风1-2级,chongqing
2022年09月19日,小雨/大雨,29℃/22℃,北风1-2级/北风1-2级,chongqing
2022年09月20日,小雨/小雨,27℃/23℃,南风1-2级/南风1-2级,chongqing
2022年09月21日,小雨/中雨,24℃/20℃,西南风1-2级/西南风1-2级,chongqing
2022年09月22日,小雨/小雨,22℃/19℃,北风1-2级/北风1-2级,chongqing
2022年09月23日,小雨/中雨,21℃/19℃,东北风1-2级/东北风1-2级,chongqing
2022年09月24日,小雨/小雨,20℃/17℃,东风1-2级/东风1-2级,chongqing
2022年09月25日,小雨/阴,22℃/17℃,东风1-2级/东风1-2级,chongqing
2022年09月26日,阴/小雨,25℃/19℃,北风1-2级/北风1-2级,chongqing
2022年09月27日,中雨/小雨,23℃/19℃,南风1-2级/南风1-2级,chongqing
2022年09月28日,小雨/多云,24℃/18℃,东风1-2级/东风1-2级,chongqing
2022年09月29日,多云/阴,28℃/19℃,东北风1-2级/东北风1-2级,chongqing
2022年09月30日,晴/晴,30℃/22℃,北风1-2级/北风1-2级,chongqing
2022年10月01日,晴/多云,34℃/23℃,北风1-2级/北风1-2级,chongqing
2022年10月02日,晴/多云,36℃/25℃,东风1-2级/东风1-2级,chongqing
2022年10月03日,多云/小雨,35℃/24℃,西北风1-2级/西北风1-2级,chongqing
2022年10月04日,小雨/小雨,26℃/20℃,西风1-2级/西风1-2级,chongqing
2022年10月05日,阴/中雨,21℃/14℃,西北风1-2级/西北风1-2级,chongqing
2022年10月06日,小雨/小雨,17℃/15℃,西北风1-2级/西北风1-2级,chongqing
2022年10月07日,小雨/小雨,16℃/14℃,东北风1-2级/东北风1-2级,chongqing
2022年10月08日,小雨/小雨,17℃/15℃,东北风1-2级/东北风1-2级,chongqing
2022年10月09日,小雨/多云,17℃/14℃,西北风1-2级/西北风1-2级,chongqing
2022年10月10日,阴/多云,19℃/14℃,东北风1-2级/东北风1-2级,chongqing
2022年10月11日,多云/多云,23℃/16℃,北风1-2级/北风1-2级,chongqing
2022年10月12日,多云/多云,22℃/17℃,北风1-2级/北风1-2级,chongqing
2022年10月13日,多云/多云,21℃/17℃,西北风1-2级/西北风1-2级,chongqing
2022年10月14日,多云/多云,23℃/17℃,西南风1-2级/西南风1-2级,chongqing
2022年10月15日,阴/多云,23℃/17℃,北风1-2级/北风1-2级,chongqing
2022年10月16日,阴/阴,25℃/17℃,北风1-2级/北风1-2级,chongqing
2022年10月17日,多云/多云,26℃/16℃,西北风1-2级/西北风1-2级,chongqing
2022年10月18日,多云/晴,27℃/16℃,东北风1-2级/东北风1-2级,chongqing
2022年10月19日,多云/多云,27℃/15℃,东南风1-2级/东南风1-2级,chongqing
2022年10月20日,晴/晴,27℃/16℃,东北风1-2级/东北风1-2级,chongqing
2022年10月21日,晴/晴,28℃/17℃,西南风1-2级/西南风1-2级,chongqing
2022年10月22日,晴/多云,28℃/18℃,西南风1-2级/西南风1-2级,chongqing
2022年10月23日,阴/阴,25℃/20℃,东北风1-2级/东北风1-2级,chongqing
2022年10月24日,阴/小雨,23℃/19℃,东北风1-2级/东北风1-2级,chongqing
2022年10月25日,阴/小雨,21℃/17℃,东北风1-2级/东北风1-2级,chongqing
2022年10月26日,小雨/小雨,20℃/17℃,西风1-2级/西风1-2级,chongqing
2022年10月27日,小雨/阴,18℃/16℃,东风1-2级/东风1-2级,chongqing
2022年10月28日,多云/小雨,19℃/16℃,东北风1-2级/东北风1-2级,chongqing
2022年10月29日,小雨/阴,19℃/16℃,东北风1-2级/东北风1-2级,chongqing
2022年10月30日,多云/晴,21℃/15℃,北风1-2级/北风1-2级,chongqing
2022年10月31日,多云/晴,23℃/15℃,西风1-2级/西风1-2级,chongqing
2022年11月01日,多云/多云,25℃/14℃,东风1-2级/东风1-2级,chongqing
2022年11月02日,晴/多云,25℃/15℃,南风1-2级/南风1-2级,chongqing
2022年11月03日,多云/多云,23℃/18℃,西北风1-2级/西北风1-2级,chongqing
2022年11月04日,小雨/阴,20℃/16℃,南风1-2级/南风1-2级,chongqing
2022年11月05日,多云/多云,22℃/15℃,南风1-2级/南风1-2级,chongqing
2022年11月06日,多云/阴,23℃/17℃,北风1-2级/北风1-2级,chongqing
2022年11月07日,阴/小雨,22℃/18℃,北风1-2级/北风1-2级,chongqing
2022年11月08日,小雨/多云,21℃/17℃,东北风1-2级/东北风1-2级,chongqing
2022年11月09日,阴/多云,24℃/17℃,北风1-2级/南风1-2级,chongqing
2022年11月10日,多云/多云,25℃/18℃,北风1-2级/南风1-2级,chongqing
2022年11月11日,多云/小雨,25℃/15℃,北风1-2级/西北风1-2级,chongqing
2022年11月12日,小雨/小雨,17℃/13℃,西风1-2级/西风1-2级,chongqing
2022年11月13日,小雨/小雨,15℃/13℃,西风1-2级/西风1-2级,chongqing
2022年11月14日,小雨/阴,15℃/12℃,西南风1-2级/北风1-2级,chongqing
2022年11月15日,阴/小雨,17℃/12℃,北风1-2级/西南风1-2级,chongqing
2022年11月16日,多云/多云,18℃/13℃,东风1-2级/东风1-2级,chongqing
2022年11月17日,多云/阴,18℃/12℃,东北风1-2级/东北风1-2级,chongqing
2022年11月18日,多云/多云,17℃/14℃,西南风1-2级/西南风1-2级,chongqing
2022年11月19日,晴/多云,20℃/13℃,东北风1-2级/东北风1-2级,chongqing
2022年11月20日,多云/小雨,20℃/13℃,东风1-2级/东北风1-2级,chongqing
2022年11月21日,阴/阴,19℃/15℃,西南风1-2级/西北风1-2级,chongqing
2022年11月22日,阴/小雨,18℃/14℃,西南风1-2级/西南风1-2级,chongqing
2022年11月23日,小雨/阴,17℃/14℃,南风1-2级/西南风1-2级,chongqing
2022年11月24日,小雨/多云,17℃/14℃,东北风1-2级/西南风1-2级,chongqing
2022年11月25日,晴/晴,21℃/14℃,东风1-2级/东北风1-2级,chongqing
2022年11月26日,多云/阴,22℃/13℃,东北风1-2级/西风1-2级,chongqing
2022年11月27日,阴/阴,21℃/16℃,北风1-2级/西风1-2级,chongqing
2022年11月28日,阴/阴,19℃/14℃,西南风1-2级/西北风1-2级,chongqing
2022年11月29日,小雨/小雨,17℃/7℃,西北风1-2级/西北风1-2级,chongqing
2022年11月30日,小雨/小雨,9℃/6℃,西南风1-2级/西南风1-2级,chongqing
2022年12月01日,小雨/阴,8℃/6℃,西南风1-2级/西南风1-2级,chongqing
2022年12月02日,小雨/多云,10℃/6℃,东北风1-2级/北风1-2级,chongqing
2022年12月03日,阴/阴,10℃/8℃,北风1-2级/西北风1-2级,chongqing
2022年12月04日,阴/多云,11℃/8℃,东北风1-2级/西南风1-2级,chongqing
2022年12月05日,多云/多云,12℃/7℃,东风1-2级/东北风1-2级,chongqing
2022年12月06日,阴/阴,12℃/9℃,西北风1-2级/西北风1-2级,chongqing
2022年12月07日,多云/多云,13℃/9℃,北风1-2级/北风1-2级,chongqing
2022年12月08日,多云/多云,13℃/10℃,东南风1-2级/西北风1-2级,chongqing
2022年12月09日,阴/阴,14℃/9℃,北风1-2级/北风1-2级,chongqing
2022年12月10日,阴/阴,13℃/10℃,南风1-2级/东南风1-2级,chongqing
2022年12月11日,阴/阴,13℃/10℃,东北风1-2级/北风1-2级,chongqing
2022年12月12日,阴/阴,13℃/10℃,西风1-2级/西北风1-2级,chongqing
2022年12月13日,多云/阴,11℃/9℃,西南风1-2级/西南风1-2级,chongqing
2022年12月14日,阴/阴,12℃/7℃,东北风1-2级/东风1-2级,chongqing
2022年12月15日,阴/阴,11℃/7℃,西风1-2级/西南风1-2级,chongqing
2022年12月16日,小雨/小雨,10℃/7℃,东风1-2级/东北风1-2级,chongqing
2022年12月17日,小雨/多云,8℃/4℃,北风1-2级/西南风1-2级,chongqing
2022年12月18日,多云/多云,10℃/4℃,东北风1-2级/东北风1-2级,chongqing
2022年12月19日,多云/阴,12℃/3℃,西北风1-2级/西北风1-2级,chongqing
2022年12月20日,多云/晴,10℃/5℃,西南风1-2级/东北风1-2级,chongqing
2022年12月21日,多云/晴,13℃/4℃,北风1-2级/北风1-2级,chongqing
2022年12月22日,阴/阴,10℃/5℃,北风1-2级/北风1-2级,chongqing
2022年12月23日,阴/多云,13℃/8℃,北风1-2级/东北风1-2级,chongqing
2022年12月24日,多云/阴,15℃/8℃,东北风1-2级/东北风1-2级,chongqing
2022年12月25日,小雨/小雨,10℃/8℃,东北风1-2级/西北风1-2级,chongqing
2022年12月26日,阴/小雨,9℃/7℃,南风1-2级/东北风1-2级,chongqing
2022年12月27日,小雨/小雨,9℃/7℃,西北风1-2级/西北风1-2级,chongqing
2022年12月28日,小雨/小雨,8℃/6℃,南风1-2级/东风1-2级,chongqing
2022年12月29日,小雨/多云,10℃/5℃,东北风1-2级/东北风1-2级,chongqing
2022年12月30日,阴/阴,11℃/4℃,东北风1-2级/北风1-2级,chongqing
2022年12月31日,阴/小雨,10℃/8℃,北风1-2级/西南风1-2级,chongqing
2023年01月01日,阴/小雨,10℃/8℃,北风1-2级/西北风1-2级,chongqing
2023年01月02日,阴/小雨,10℃/8℃,西风1-2级/西南风1-2级,chongqing
2023年01月03日,阵雨/阴,10℃/8℃,东北风1-2级/东风1-2级,chongqing
2023年01月04日,小雨/小雨,10℃/8℃,西南风1-2级/西南风1-2级,chongqing
2023年01月05日,阴/多云,12℃/7℃,西南风1-2级/西南风1-2级,chongqing
2023年01月06日,晴/晴,14℃/6℃,东风1-2级/东风1-2级,chongqing
2023年01月07日,晴/晴,16℃/5℃,西南风1-2级/西南风1-2级,chongqing
2023年01月08日,晴/晴,15℃/6℃,北风1-2级/北风1-2级,chongqing
2023年01月09日,晴/晴,16℃/7℃,北风1-2级/西北风1-2级,chongqing
2023年01月10日,晴/晴,16℃/8℃,北风1-2级/西南风1-2级,chongqing
2023年01月11日,多云/多云,15℃/8℃,北风1-2级/西风1-2级,chongqing
2023年01月12日,阴/阴,15℃/10℃,北风1-2级/西北风1-2级,chongqing
2023年01月13日,阴/小雨,14℃/8℃,西北风1-2级/西北风1-2级,chongqing
2023年01月14日,小雨/小雨,7℃/2℃,西北风1-2级/西北风1-2级,chongqing
2023年01月15日,雨夹雪/小雨,3℃/1℃,西风1-2级/东北风1-2级,chongqing
2023年01月16日,小雨/阴,4℃/1℃,东北风1-2级/西北风1-2级,chongqing
2023年01月17日,雨夹雪/阴,4℃/3℃,西北风1-2级/西南风1-2级,chongqing
2023年01月18日,阴/阴,8℃/2℃,东北风1-2级/北风1-2级,chongqing
2023年01月19日,阴/阴,8℃/2℃,北风1-2级/北风1-2级,chongqing
2023年01月20日,阴/阴,7℃/3℃,南风1-2级/东北风1-2级,chongqing
2023年01月21日,阴/阴,7℃/6℃,北风1-2级/西风1-2级,chongqing
2023年01月22日,多云/多云,9℃/4℃,东风1-2级/西北风1-2级,chongqing
2023年01月23日,阴/阴,11℃/6℃,北风1-2级/北风1-2级,chongqing
2023年01月24日,小雨/阴,8℃/4℃,西风1-2级/东风1-2级,chongqing
2023年01月25日,多云/多云,11℃/4℃,北风1-2级/南风1-2级,chongqing
2023年01月26日,阴/多云,10℃/6℃,西风1-2级/西南风1-2级,chongqing
2023年01月27日,多云/多云,11℃/5℃,西南风1-2级/北风1-2级,chongqing
2023年01月28日,晴/晴,13℃/4℃,西风1-2级/南风1-2级,chongqing
2023年01月29日,晴/晴,14℃/4℃,东风1-2级/东北风1-2级,chongqing
2023年01月30日,晴/晴,16℃/5℃,东南风1-2级/西风1-2级,chongqing
2023年01月31日,晴/晴,18℃/6℃,西风1-2级/西南风1-2级,chongqing
2023年02月01日,阴/多云,14℃/7℃,西南风1-2级/东北风1-2级,chongqing
2023年02月02日,阴/阴,13℃/9℃,南风1-2级/东风1-2级,chongqing
2023年02月03日,晴/多云,15℃/8℃,东北风1-2级/西风1-2级,chongqing
2023年02月04日,多云/阴,16℃/10℃,东风1-2级/东北风1-2级,chongqing
2023年02月05日,多云/阴,14℃/7℃,东北风1-2级/西北风1-2级,chongqing
2023年02月06日,多云/阴,15℃/8℃,东北风1-2级/西南风1-2级,chongqing
2023年02月07日,多云/小雨,15℃/10℃,东北风1-2级/东北风1-2级,chongqing
2023年02月08日,阴/小雨,13℃/10℃,东北风1-2级/东北风1-2级,chongqing
2023年02月09日,阴/阴,15℃/10℃,东北风1-2级/东北风1-2级,chongqing
2023年02月10日,阴/阴,15℃/10℃,东风1-2级/东北风1-2级,chongqing
2023年02月11日,阴/阴,15℃/11℃,东北风1-2级/北风1-2级,chongqing
2023年02月12日,阴/小雨,16℃/10℃,西北风1-2级/西风1-2级,chongqing
2023年02月13日,小雨/小雨,10℃/8℃,西风1-2级/西风1-2级,chongqing
2023年02月14日,阴/多云,11℃/7℃,西南风1-2级/北风1-2级,chongqing
2023年02月15日,阴/多云,12℃/8℃,东风1-2级/东北风1-2级,chongqing
2023年02月16日,阴/多云,12℃/8℃,东北风1-2级/东北风1-2级,chongqing
2023年02月17日,多云/多云,15℃/9℃,北风1-2级/西北风1-2级,chongqing
2023年02月18日,阴/阴,14℃/10℃,西北风1-2级/西风1-2级,chongqing
2023年02月19日,阴/阴,16℃/10℃,东北风1-2级/东北风1-2级,chongqing
2023年02月20日,小雨/小雨,13℃/10℃,东北风1-2级/东北风1-2级,chongqing
2023年02月21日,小雨/小雨,11℃/9℃,东北风1-2级/东风1-2级,chongqing
2023年02月22日,小雨/小雨,10℃/7℃,东北风1-2级/北风1-2级,chongqing
2023年02月23日,多云/多云,12℃/8℃,北风1-2级/西南风1-2级,chongqing
2023年02月24日,多云/多云,15℃/8℃,东风1-2级/东风1-2级,chongqing
2023年02月25日,多云/多云,18℃/8℃,东北风1-2级/东风1-2级,chongqing
2023年02月26日,晴/多云,20℃/11℃,东风1-2级/东风1-2级,chongqing
2023年02月27日,多云/小雨,18℃/12℃,北风1-2级/北风1-2级,chongqing
2023年02月28日,阴/小雨,15℃/11℃,西风1-2级/北风1-2级,chongqing
2023年03月01日,小雨/阴,15℃/11℃,西风1-2级/东北风1-2级,chongqing
2023年03月02日,阴/小雨,15℃/11℃,东北风1-2级/北风1-2级,chongqing
2023年03月03日,晴/晴,18℃/9℃,南风1-2级/东风1-2级,chongqing
2023年03月04日,晴/多云,20℃/9℃,东北风1-2级/东北风1-2级,chongqing
2023年03月05日,多云/小雨,19℃/12℃,东风1-2级/东北风1-2级,chongqing
2023年03月06日,小雨/多云,18℃/14℃,东北风1-2级/东北风1-2级,chongqing
2023年03月07日,小雨/阴,19℃/12℃,东北风1-2级/西南风1-2级,chongqing
2023年03月08日,晴/多云,22℃/11℃,西南风1-2级/东北风1-2级,chongqing
2023年03月09日,多云/小雨,24℃/12℃,东北风1-2级/东北风1-2级,chongqing
2023年03月10日,多云/多云,22℃/13℃,东北风1-2级/西南风1-2级,chongqing
2023年03月11日,多云/小雨,23℃/13℃,北风1-2级/北风1-2级,chongqing
2023年03月12日,小雨/多云,14℃/10℃,西南风1-2级/东风1-2级,chongqing
2023年03月13日,多云/多云,20℃/10℃,东南风1-2级/东北风1-2级,chongqing
2023年03月14日,晴/晴,23℃/11℃,北风1-2级/西北风1-2级,chongqing
2023年03月15日,多云/大雨,24℃/14℃,西风1-2级/东北风1-2级,chongqing
2023年03月16日,阴/阴,20℃/14℃,西北风1-2级/西北风1-2级,chongqing
2023年03月17日,多云/小雨,20℃/11℃,东北风1-2级/东风1-2级,chongqing
2023年03月18日,小雨/小雨,17℃/12℃,东北风1-2级/东风1-2级,chongqing
2023年03月19日,阴/阴,19℃/12℃,东风1-2级/东北风1-2级,chongqing
2023年03月20日,阴/多云,21℃/13℃,东北风1-2级/北风1-2级,chongqing
2023年03月21日,多云/小雨,23℃/15℃,北风1-2级/北风1-2级,chongqing
2023年03月22日,阴/小雨,22℃/15℃,北风1-2级/西北风1-2级,chongqing
2023年03月23日,小雨/小雨,17℃/13℃,西风1-2级/西南风1-2级,chongqing
2023年03月24日,小雨/小雨,15℃/12℃,西风1-2级/北风1-2级,chongqing
2023年03月25日,小雨/阴,15℃/11℃,西风1-2级/东北风1-2级,chongqing
2023年03月26日,阴/小雨,15℃/13℃,东北风1-2级/北风1-2级,chongqing
2023年03月27日,小雨/小雨,17℃/12℃,西南风1-2级/东北风1-2级,chongqing
2023年03月28日,小雨/小雨,17℃/12℃,西北风1-2级/西南风1-2级,chongqing
2023年03月29日,多云/多云,19℃/12℃,西南风1-2级/东风1-2级,chongqing
2023年03月30日,多云/多云,22℃/12℃,东风1-2级/北风1-2级,chongqing
2023年03月31日,多云/多云,22℃/12℃,东风1-2级/东北风1-2级,chongqing
2023年04月01日,晴/阴,27℃/13℃,东北风1-2级/东北风1-2级,chongqing
2023年04月02日,多云/小雨,28℃/17℃,北风1-2级/西北风1-2级,chongqing
2023年04月03日,阴/多云,24℃/16℃,西风1-2级/西风1-2级,chongqing
2023年04月04日,阴/小雨,23℃/15℃,西风1-2级/北风1-2级,chongqing
2023年04月05日,小雨/小雨,19℃/14℃,北风1-2级/北风1-2级,chongqing
2023年04月06日,阴/阴,19℃/11℃,西风1-2级/南风1-2级,chongqing
2023年04月07日,多云/多云,20℃/13℃,东北风1-2级/南风1-2级,chongqing
2023年04月08日,多云/多云,22℃/14℃,东北风1-2级/东风1-2级,chongqing
2023年04月09日,多云/多云,26℃/16℃,北风1-2级/东北风1-2级,chongqing
2023年04月10日,多云/小雨,28℃/17℃,东北风1-2级/北风1-2级,chongqing
2023年04月11日,多云/阴,29℃/20℃,东南风1-2级/东南风1-2级,chongqing
2023年04月12日,小雨/多云,28℃/19℃,东风1-2级/东风1-2级,chongqing
2023年04月13日,阴/小雨,27℃/19℃,北风1-2级/西风1-2级,chongqing
2023年04月14日,多云/多云,28℃/18℃,西风1-2级/南风1-2级,chongqing
2023年04月15日,晴/晴,32℃/19℃,西南风1-2级/东北风1-2级,chongqing
2023年04月16日,晴/多云,34℃/20℃,东北风1-2级/东风1-2级,chongqing
2023年04月17日,多云/中雨,35℃/22℃,西北风1-2级/北风1-2级,chongqing
2023年04月18日,小雨/晴,28℃/20℃,西北风1-2级/东南风1-2级,chongqing
2023年04月19日,晴/多云,32℃/20℃,东北风1-2级/东风1-2级,chongqing
2023年04月20日,小雨/大雨,29℃/22℃,东风1-2级/东北风1-2级,chongqing
2023年04月21日,小雨/大雨,25℃/20℃,北风1-2级/西风1-2级,chongqing
2023年04月22日,小雨/小雨,19℃/16℃,西风1-2级/西风1-2级,chongqing
2023年04月23日,小雨/小雨,15℃/13℃,西风1-2级/西风1-2级,chongqing
2023年04月24日,小雨/小雨,16℃/12℃,西风1-2级/西北风1-2级,chongqing
2023年04月25日,多云/多云,22℃/13℃,西北风1-2级/东风1-2级,chongqing
2023年04月26日,多云/中雨,27℃/16℃,东风1-2级/东北风1-2级,chongqing
2023年04月27日,多云/小雨,26℃/16℃,北风1-2级/东北风1-2级,chongqing
2023年04月28日,小雨/小雨,23℃/17℃,西北风1-2级/西南风1-2级,chongqing
2023年04月29日,阴/多云,24℃/15℃,西南风1-2级/东北风1-2级,chongqing
2023年04月30日,阴/多云,28℃/15℃,东风1-2级/东南风1-2级,chongqing
2023年05月01日,多云/小雨,29℃/19℃,东南风1-2级/南风1-2级,chongqing
2023年05月02日,多云/阴,28℃/19℃,西风1-2级/东北风1-2级,chongqing
2023年05月03日,阴/小雨,31℃/22℃,西风1-2级/北风1-2级,chongqing
2023年05月04日,多云/多云,31℃/23℃,西北风1-2级/东南风1-2级,chongqing
2023年05月05日,小雨/中雨,30℃/22℃,北风1-2级/北风1-2级,chongqing
2023年05月06日,阴/小雨,27℃/20℃,西北风1-2级/西风1-2级,chongqing
2023年05月07日,小雨/阴,25℃/19℃,西北风1-2级/东北风1-2级,chongqing
2023年05月08日,阴/阴,25℃/18℃,东风1-2级/东风1-2级,chongqing
2023年05月09日,小雨/小雨,22℃/17℃,东北风1-2级/东北风1-2级,chongqing
2023年05月10日,小雨/小雨,22℃/17℃,西北风1-2级/西北风1-2级,chongqing
2023年05月11日,阴/阴,24℃/17℃,北风1-2级/南风1-2级,chongqing
2023年05月12日,晴/多云,28℃/19℃,南风1-2级/西南风1-2级,chongqing
2023年05月13日,多云/多云,28℃/19℃,南风1-2级/东北风1-2级,chongqing
2023年05月14日,多云/多云,29℃/19℃,东北风1-2级/东风1-2级,chongqing
2023年05月15日,多云/小雨,29℃/20℃,西南风1-2级/东北风1-2级,chongqing
2023年05月16日,多云/多云,28℃/20℃,北风1-2级/东北风1-2级,chongqing
2023年05月17日,多云/多云,31℃/22℃,北风1-2级/西风1-2级,chongqing
2023年05月18日,小雨/小雨,28℃/19℃,北风1-2级/南风1-2级,chongqing
2023年05月19日,小雨/小雨,27℃/21℃,东北风1-2级/东风1-2级,chongqing
2023年05月20日,多云/中雨,29℃/22℃,东风1-2级/东北风1-2级,chongqing
2023年05月21日,小雨/小雨,25℃/18℃,西北风1-2级/北风1-2级,chongqing
2023年05月22日,阴/多云,22℃/17℃,北风1-2级/东北风1-2级,chongqing
2023年05月23日,阴/多云,24℃/17℃,东北风1-2级/东风1-2级,chongqing
2023年05月24日,多云/多云,28℃/17℃,北风1-2级/东北风1-2级,chongqing
2023年05月25日,小雨/小雨,27℃/22℃,西风1-2级/西南风1-2级,chongqing
2023年05月26日,多云/阴,28℃/21℃,东北风1-2级/西风1-2级,chongqing
2023年05月27日,多云/小雨,29℃/22℃,北风1-2级/西南风1-2级,chongqing
2023年05月28日,多云/多云,30℃/22℃,东北风1-2级/西风1-2级,chongqing
2023年05月29日,晴/中雨,32℃/24℃,北风1-2级/东南风1-2级,chongqing
2023年05月30日,小雨/多云,32℃/25℃,北风1-2级/东风1-2级,chongqing
2023年05月31日,小雨/中雨,33℃/24℃,东北风1-2级/西北风1-2级,chongqing
2023年06月01日,小雨/小雨,27℃/22℃,西南风1-2级/北风1-2级,chongqing
2023年06月02日,小雨/中雨,27℃/22℃,西风1-2级/西南风1-2级,chongqing
2023年06月03日,小雨/中雨,24℃/20℃,东北风1-2级/西北风1-2级,chongqing
2023年06月04日,小雨/小雨,24℃/20℃,西风1-2级/西北风1-2级,chongqing
2023年06月05日,多云/多云,26℃/19℃,西北风1-2级/南风1-2级,chongqing
2023年06月06日,多云/多云,29℃/20℃,东北风1-2级/东北风1-2级,chongqing
2023年06月07日,阴/多云,27℃/22℃,西北风1-2级/西南风1-2级,chongqing
2023年06月08日,阴/多云,30℃/22℃,北风1-2级/南风1-2级,chongqing
2023年06月09日,多云/多云,31℃/21℃,北风1-2级/西南风1-2级,chongqing
2023年06月10日,多云/多云,33℃/22℃,南风1-2级/东风1-2级,chongqing
2023年06月11日,阴/阴,32℃/23℃,东南风1-2级/西南风1-2级,chongqing
2023年06月12日,阴/多云,29℃/23℃,西南风1-2级/南风1-2级,chongqing
2023年06月13日,多云/多云,32℃/23℃,西风1-2级/北风1-2级,chongqing
2023年06月14日,多云/小雨,30℃/24℃,西南风1-2级/东北风1-2级,chongqing
2023年06月15日,中雨/阴,25℃/21℃,东北风1-2级/东北风1-2级,chongqing
2023年06月16日,小雨/大雨,22℃/19℃,东北风1-2级/西风1-2级,chongqing
2023年06月17日,小雨/中雨,25℃/20℃,东北风1-2级/西南风1-2级,chongqing
2023年06月18日,多云/多云,28℃/21℃,西北风1-2级/南风1-2级,chongqing
2023年06月19日,阴/多云,31℃/23℃,东北风1-2级/西南风1-2级,chongqing
2023年06月20日,多云/小雨,32℃/23℃,北风1-2级/西北风1-2级,chongqing
2023年06月21日,大雨/小雨,25℃/21℃,西北风1-2级/西风1-2级,chongqing
2023年06月22日,小雨/多云,24℃/20℃,西南风1-2级/东北风1-2级,chongqing
2023年06月23日,多云/多云,28℃/21℃,东北风1-2级/东北风1-2级,chongqing
2023年06月24日,晴/晴,31℃/22℃,东北风1-2级/东风1-2级,chongqing
2023年06月25日,晴/晴,32℃/23℃,东北风1-2级/东风1-2级,chongqing
2023年06月26日,晴/晴,36℃/25℃,东南风1-2级/东风1-2级,chongqing
2023年06月27日,晴/多云,37℃/28℃,东南风1-2级/东南风1-2级,chongqing
2023年06月28日,阴/中雨,37℃/28℃,北风1-2级/西南风1-2级,chongqing
2023年06月29日,小雨/小雨,32℃/24℃,西北风1-2级/东南风1-2级,chongqing
2023年06月30日,多云/多云,31℃/26℃,西南风1-2级/东风1-2级,chongqing
2023年08月01日,小雨/中雨,34℃/26℃,西南风1-2级/南风1-2级,chongqing
2023年08月02日,小雨/小雨,33℃/26℃,东南风1-2级/西南风1-2级,chongqing
2023年08月03日,小雨/小雨,33℃/26℃,南风1-2级/东北风1-2级,chongqing
2023年08月04日,晴/小雨,34℃/27℃,东北风1-2级/北风1-2级,chongqing
2023年08月05日,晴/小雨,34℃/29℃,西南风1-2级/东北风1-2级,chongqing
2023年08月06日,晴/中雨,36℃/27℃,东北风1-2级/西北风1-2级,chongqing
2023年08月07日,中雨/小雨,35℃/26℃,西风1-2级/东北风1-2级,chongqing
2023年08月08日,多云/多云,34℃/27℃,东北风1-2级/东风1-2级,chongqing
2023年08月09日,多云/多云,37℃/29℃,东北风1-2级/东风1-2级,chongqing
2023年08月10日,多云/多云,37℃/30℃,南风1-2级/东北风1-2级,chongqing
2023年08月11日,多云/小雨,38℃/30℃,东北风1-2级/北风1-2级,chongqing
2023年08月12日,中雨/中雨,37℃/28℃,西南风1-2级/南风1-2级,chongqing
2023年08月13日,阴/晴,35℃/27℃,北风1-2级/东风1-2级,chongqing
2023年08月14日,晴/晴,37℃/28℃,东风1-2级/东风1-2级,chongqing
2023年08月15日,晴/多云,37℃/29℃,东风1-2级/东风1-2级,chongqing
2023年08月16日,晴/多云,38℃/29℃,东南风1-2级/东北风1-2级,chongqing
2023年08月17日,多云/晴,39℃/29℃,北风1-2级/西南风1-2级,chongqing
2023年08月18日,多云/多云,39℃/29℃,西南风1-2级/西南风1-2级,chongqing
2023年08月19日,多云/多云,37℃/27℃,西南风微风级/东风微风级,chongqing
2023年08月20日,多云/中雨,35℃/26℃,北风微风级/西风微风级,chongqing
2023年08月21日,小雨/晴,33℃/25℃,南风微风级/南风微风级,chongqing
2023年08月22日,晴/多云,35℃/27℃,东风微风级/东风微风级,chongqing
2023年08月23日,晴/多云,36℃/26℃,东南风1-3级/北风1-3级,chongqing
2023年08月24日,小雨/中雨,30℃/24℃,西南风1-3级/东风1-3级,chongqing
2023年08月25日,小雨/大雨,31℃/24℃,东风1-3级/西南风1-3级,chongqing
2023年08月26日,中雨/阴,27℃/22℃,西北风1-3级/西风1-3级,chongqing
2023年08月27日,阴/多云,29℃/23℃,北风1-3级/北风1-3级,chongqing
2023年08月28日,多云/多云,30℃/21℃,北风1-3级/东风1-3级,chongqing
2023年08月29日,多云/多云,32℃/23℃,东北风1-3级/西南风1-3级,chongqing
2023年08月30日,多云/晴,31℃/23℃,西南风1-3级/东风1-3级,chongqing
2023年08月31日,晴/多云,32℃/23℃,东北风1-3级/东北风1-3级,chongqing
2023年09月01日,多云/多云,34℃/23℃,北风1-3级/西北风1-3级,chongqing
2023年09月02日,晴/晴,34℃/24℃,北风1-3级/西风1-3级,chongqing
2023年09月03日,晴/晴,34℃/25℃,东北风1-3级/南风1-3级,chongqing
2023年09月04日,晴/晴,36℃/25℃,东风1-3级/北风1-3级,chongqing
2023年09月05日,晴/晴,36℃/27℃,东北风1-3级/东风1-3级,chongqing
2023年09月06日,晴/晴,36℃/27℃,东北风1-3级/东风1-3级,chongqing
2023年09月07日,晴/多云,37℃/27℃,东风1-3级/东北风1-3级,chongqing
2023年09月08日,晴/晴,37℃/28℃,东风1-3级/东风1-3级,chongqing
2023年09月09日,晴/晴,37℃/28℃,东风1-3级/东风1-3级,chongqing
2023年09月10日,晴/多云,37℃/28℃,东风1-3级/东北风1-3级,chongqing
2023年09月11日,阴/大雨,35℃/26℃,北风1-3级/西风1-3级,chongqing
2023年09月12日,小雨/小雨,27℃/25℃,西北风1-3级/东南风1-3级,chongqing
2023年09月13日,阴/多云,27℃/21℃,东北风1-3级/南风1-3级,chongqing
2023年09月14日,晴/晴,32℃/22℃,东北风1-3级/东北风1-3级,chongqing
2023年09月15日,晴/多云,32℃/23℃,东风1-3级/东北风1-3级,chongqing
2023年09月16日,晴/多云,33℃/23℃,东北风1-3级/东风1-3级,chongqing
2023年09月17日,多云/阴,35℃/27℃,东风1-3级/东风1-3级,chongqing
2023年09月18日,小雨/小雨,33℃/27℃,东北风1-3级/东北风1-3级,chongqing
2023年09月19日,阴/中雨,33℃/26℃,北风1-3级/北风1-3级,chongqing
2023年09月20日,小雨/小雨,27℃/21℃,北风1-3级/西北风1-3级,chongqing
2023年09月21日,阵雨/小雨,25℃/20℃,西风1-3级/东风1-3级,chongqing
2023年09月22日,小雨/大雨,23℃/21℃,东北风1-3级/北风1-3级,chongqing
2023年09月23日,小雨/中雨,23℃/20℃,东北风1-3级/北风1-3级,chongqing
2023年09月24日,小雨/中雨,22℃/20℃,西北风1-3级/西北风1-3级,chongqing
2023年09月25日,小雨/小雨,23℃/20℃,北风1-3级/北风1-3级,chongqing
2023年09月26日,小雨/小雨,23℃/20℃,西北风1-3级/北风1-3级,chongqing
2023年09月27日,阴/小雨,25℃/20℃,北风1-3级/西风1-3级,chongqing
2023年09月28日,阴/中雨,26℃/21℃,北风1-3级/西北风1-3级,chongqing
2023年09月29日,阴/阴,26℃/21℃,西北风1-3级/西北风1-3级,chongqing
2023年09月30日,阴/中雨,26℃/21℃,北风1-3级/西北风1-3级,chongqing
2023年10月01日,小雨/中雨,26℃/22℃,东北风1-3级/北风1-3级,chongqing
2023年10月02日,小雨/小雨,24℃/20℃,西北风1-3级/西风1-3级,chongqing
2023年10月03日,小雨/小雨,25℃/21℃,北风1-3级/西北风1-3级,chongqing
2023年10月04日,小雨/中雨,23℃/20℃,北风1-3级/西北风1-3级,chongqing
2023年10月05日,小雨/中雨,21℃/19℃,北风1-3级/北风1-3级,chongqing
2023年10月06日,小雨/中雨,20℃/17℃,北风1-3级/西风1-3级,chongqing
2023年10月07日,阴/多云,20℃/17℃,西南风1-3级/西风1-3级,chongqing
2023年10月08日,多云/小雨,23℃/18℃,北风1-3级/西北风1-3级,chongqing
2023年10月09日,阴/小雨,22℃/18℃,北风1-3级/西北风1-3级,chongqing
2023年10月10日,阴/阴,22℃/17℃,东北风1-3级/东风1-3级,chongqing
2023年10月11日,阴/阴,23℃/19℃,东北风1-3级/东风1-3级,chongqing
2023年10月12日,小雨/小雨,21℃/18℃,东风1-3级/无持续风向1-3级,chongqing
2023年10月13日,小雨/多云,20℃/17℃,西北风1-3级/西南风1-3级,chongqing
2023年10月14日,晴/多云,24℃/17℃,东风1-3级/东北风1-3级,chongqing
2023年10月15日,多云/多云,26℃/18℃,东风1-3级/东风1-3级,chongqing
2023年10月16日,多云/多云,28℃/20℃,东北风1-3级/东风1-3级,chongqing
2023年10月17日,多云/多云,30℃/21℃,东北风1-3级/东北风1-3级,chongqing
2023年10月18日,小雨/中雨,27℃/19℃,北风1-3级/无持续风向1-3级,chongqing
2023年10月19日,小雨/多云,21℃/15℃,西风1-3级/西南风1-3级,chongqing
2023年10月20日,多云/多云,21℃/15℃,东风1-3级/东北风1-3级,chongqing
2023年10月21日,多云/多云,25℃/18℃,东北风1-3级/东北风1-3级,chongqing
2023年10月22日,多云/多云,24℃/17℃,东北风1-3级/无持续风向1-3级,chongqing
2023年10月23日,阴/小雨,25℃/19℃,西北风1-3级/无持续风向1-3级,chongqing
2023年10月24日,阴/中雨,23℃/19℃,西北风1-3级/西南风1-3级,chongqing
2023年10月25日,小雨/小雨,21℃/18℃,西南风1-3级/西南风1-3级,chongqing
2023年10月26日,小雨/中雨,21℃/18℃,东南风1-3级/南风1-3级,chongqing
2023年10月27日,小雨/小雨,19℃/15℃,西南风1-3级/东风1-3级,chongqing
2023年10月28日,阴/多云,21℃/17℃,无持续风向1-3级/西北风1-3级,chongqing
2023年10月29日,多云/多云,23℃/16℃,无持续风向1-3级/东北风1-3级,chongqing
2023年10月30日,晴/小雨,24℃/16℃,东北风1-3级/北风1-3级,chongqing
2023年10月31日,小雨/多云,24℃/18℃,无持续风向1-3级/东南风1-3级,chongqing
2023年11月01日,多云/多云,25℃/17℃,东北风1-3级/东北风1-3级,chongqing
2023年11月02日,多云/小雨,26℃/18℃,无持续风向1-3级/西北风1-3级,chongqing
2023年11月03日,小雨/阴,23℃/17℃,无持续风向1-3级/西风1-3级,chongqing
2023年11月04日,阴/小雨,22℃/17℃,无持续风向1-3级/北风1-3级,chongqing
2023年11月05日,晴/多云,23℃/16℃,西北风1-3级/北风1-3级,chongqing
2023年11月06日,多云/多云,21℃/17℃,东北风1-3级/东北风1-3级,chongqing
2023年11月07日,阴/小雨,22℃/17℃,东风1-3级/东北风1-3级,chongqing
2023年11月08日,阴/小雨,22℃/17℃,北风1-3级/西风1-3级,chongqing
2023年11月09日,阴/阴,23℃/18℃,东北风1-3级/东北风1-3级,chongqing
2023年11月10日,小雨/多云,22℃/18℃,东风1-3级/东风1-3级,chongqing
2023年11月11日,小雨/小雨,21℃/16℃,东北风1-3级/东北风1-3级,chongqing
2023年11月12日,小雨/小雨,17℃/12℃,西南风1-3级/南风1-3级,chongqing
2023年11月13日,小雨/多云,15℃/12℃,西南风1-3级/东北风1-3级,chongqing
2023年11月14日,多云/小雨,15℃/12℃,无持续风向1-3级/北风1-3级,chongqing
2023年11月15日,小雨/多云,14℃/13℃,西北风1-3级/西北风1-3级,chongqing
2023年11月16日,多云/晴,16℃/10℃,西北风1-3级/东北风1-3级,chongqing
2023年11月17日,阴/阴,19℃/10℃,东北风1-3级/东北风1-3级,chongqing
2023年11月18日,多云/多云,19℃/11℃,西南风1-3级/无持续风向1-3级,chongqing
2023年11月19日,晴/晴,19℃/11℃,东北风1-3级/东风1-3级,chongqing
2023年11月20日,晴/多云,20℃/11℃,东北风1-3级/无持续风向1-3级,chongqing
2023年11月21日,多云/小雨,20℃/13℃,西北风1-3级/西南风1-3级,chongqing
2023年11月22日,阴/多云,19℃/14℃,西南风1-3级/无持续风向1-3级,chongqing
2023年11月23日,多云/多云,21℃/14℃,南风1-3级/东风1-3级,chongqing
2023年11月24日,阴/小雨,20℃/14℃,东风1-3级/东风1-3级,chongqing
2023年11月25日,小雨/阴,18℃/13℃,无持续风向1-3级/西北风1-3级,chongqing
2023年11月26日,多云/多云,20℃/13℃,东北风1-3级/东北风1-3级,chongqing
2023年11月27日,晴/多云,21℃/13℃,无持续风向1-3级/西南风1-3级,chongqing
2023年11月28日,多云/多云,22℃/15℃,无持续风向1-3级/无持续风向1-3级,chongqing
2023年11月29日,阴/小雨,18℃/14℃,西南风1-3级/西南风1-3级,chongqing
2023年11月30日,小雨/小雨,15℃/12℃,东风1-3级/东北风1-3级,chongqing
2023年12月01日,小雨/阴,13℃/11℃,东风1-3级/东北风1-3级,chongqing
2023年12月02日,阴/阴,13℃/11℃,无持续风向1-3级/无持续风向1-3级,chongqing
2023年12月03日,多云/小雨,14℃/12℃,无持续风向1-3级/西北风1-3级,chongqing
2023年12月04日,多云/多云,17℃/11℃,东北风1-3级/东北风1-3级,chongqing
2023年12月05日,多云/多云,16℃/10℃,无持续风向1-3级/西南风1-3级,chongqing
2023年12月06日,晴/晴,19℃/10℃,东风1-3级/东北风1-3级,chongqing
2023年12月07日,晴/多云,20℃/11℃,北风1-3级/西北风1-3级,chongqing
2023年12月08日,多云/多云,18℃/12℃,西北风1-3级/东北风1-3级,chongqing
2023年12月09日,多云/阴,18℃/12℃,东北风1-3级/无持续风向1-3级,chongqing
2023年12月10日,小雨/小雨,16℃/14℃,西北风1-3级/西风1-3级,chongqing
2023年12月11日,阴/阴,18℃/12℃,西北风1-3级/西北风1-3级,chongqing
2023年12月12日,阴/多云,16℃/13℃,东北风1-3级/东风1-3级,chongqing
2023年12月13日,晴/晴,18℃/13℃,无持续风向1-3级/西风1-3级,chongqing
2023年12月14日,多云/小雨,17℃/12℃,西北风1-3级/西北风1-3级,chongqing
2023年12月15日,小雨/小雨,12℃/7℃,无持续风向1-3级/西北风1-3级,chongqing
2023年12月16日,小雨/阴,8℃/6℃,东风1-3级/东风1-3级,chongqing
2023年12月17日,阴/阴,8℃/6℃,东风1-3级/东北风1-3级,chongqing
2023年12月18日,阴/晴,8℃/5℃,东风1-3级/东南风1-3级,chongqing
2023年12月19日,阴/多云,9℃/4℃,东风1-3级/北风1-3级,chongqing
2023年12月20日,多云/多云,10℃/5℃,东北风1-3级/北风1-3级,chongqing
2023年12月21日,多云/阴,10℃/6℃,东风1-3级/东北风1-3级,chongqing
2023年12月22日,阴/多云,10℃/5℃,东南风1-3级/北风1-3级,chongqing
2023年12月23日,多云/晴,11℃/5℃,北风1-3级/北风1-3级,chongqing
2023年12月24日,晴/晴,13℃/7℃,西南风1-3级/东北风1-3级,chongqing
2023年12月25日,多云/阴,13℃/5℃,北风1-3级/北风1-3级,chongqing
2023年12月26日,多云/晴,13℃/7℃,西南风1-3级/东北风1-3级,chongqing
2023年12月27日,晴/多云,15℃/5℃,北风1-3级/西北风1-3级,chongqing
2023年12月28日,多云/小雨,12℃/8℃,东北风1-3级/西南风1-3级,chongqing
2023年12月29日,多云/晴,12℃/8℃,西南风1-3级/东北风1-3级,chongqing
2023年12月30日,多云/多云,14℃/6℃,东北风1-3级/北风1-3级,chongqing
2023年12月31日,阴/小雨,11℃/6℃,北风1-3级/西风1-3级,chongqing
